Site,BulkBGroup,BMEAN,BSD,BN,RhizoBGroup,RMEAN,RSD,RN,Approach,TC3C4,TFamily,TNORNOT,TFertilizertype,TPlantkind,TEcosystem,Ecosystems,CFamily,CManagment,CFertilizertype2,CC3C42,GrassManage,GPlantkind2,GC3C4,ForestLeaf,FPlantkind2,total
1,A1B,5.673333333,0.394250343,3,A1R,4.743333333,0.219620885,3,Field,C3,Poaceae,NO,NA,Grasses,Grassland,Grassland,NA,NA,NA,NA,Artifical,Grasses,C3,NA,NA,1
2,A2B,5.993333333,0.228108161,3,A2R,4.696666667,0.489523578,3,Field,C4,Poaceae,NO,NA,Grasses,Grassland,Grassland,NA,NA,NA,NA,Artifical,Grasses,C4,NA,NA,1
3,A3B,6.29,0.153948043,3,A3R,4.683333333,0.304357246,3,Field,C3,Poaceae,NO,NA,Grasses,Grassland,Grassland,NA,NA,NA,NA,Artifical,Grasses,C3,NA,NA,1
4,A4B,5.673333333,0.092376043,3,A4R,4.593333333,0.064291005,3,Field,C4,Poaceae,NO,NA,Grasses,Grassland,Grassland,NA,NA,NA,NA,Artifical,Grasses,C4,NA,NA,1
5,C1B,6.858,0.148895937,5,C1R,7.044,0.063087241,5,Field,C3,Asteraceae,NA,NA,Forbs,Grassland,Grassland,NA,NA,NA,NA,Artifical,Forbs,C3,NA,NA,1
6,D1B,3.963333333,0.236290781,3,D1R,3.423333333,0.187171935,3,Greenhouse,C3,Gramineae,N,Chemical,Crop,Wetland,Cropland,Gramineae,Wetland,Chemical,C3,NA,NA,NA,NA,NA,1
7,D2B,3.396666667,0.04163332,3,D2R,3.45,0.135277493,3,Greenhouse,C3,Gramineae,N,Chemical,Crop,Wetland,Cropland,Gramineae,Wetland,Chemical,C3,NA,NA,NA,NA,NA,1
8,D3B,3.453333333,0.265015723,3,D3R,3.783333333,0.08326664,3,Greenhouse,C3,Gramineae,N,Chemical,Crop,Wetland,Cropland,Gramineae,Wetland,Chemical,C3,NA,NA,NA,NA,NA,1
9,D4B,3.406666667,0.133166562,3,D4R,3.5,0.2,3,Greenhouse,C3,Gramineae,N,Chemical,Crop,Wetland,Cropland,Gramineae,Wetland,Chemical,C3,NA,NA,NA,NA,NA,1
10,D5B,3.863333333,0.075718778,3,D5R,4.043333333,0.089628864,3,Greenhouse,C3,Gramineae,N,Chemical,Crop,Wetland,Cropland,Gramineae,Wetland,Chemical,C3,NA,NA,NA,NA,NA,1
11,G1B,5.375,0.122338329,4,G1R,5.7175,0.054390563,4,Field,C3,Gramineae,NA,NA,Crop,Dryland,Cropland,Gramineae,Dryland,NA,C3,NA,NA,NA,NA,NA,1
12,G2B,5.218333333,0.120402104,6,G2R,5.851666667,0.089312187,6,Field,C3,Gramineae,NA,NA,Crop,Dryland,Cropland,Gramineae,Dryland,NA,C3,NA,NA,NA,NA,NA,1
13,G3B,5.27,0.127867119,5,G3R,5.776,0.075033326,5,Field,C3,Gramineae,NA,NA,Crop,Dryland,Cropland,Gramineae,Dryland,NA,C3,NA,NA,NA,NA,NA,1
14,G4B,4.854,0.279964283,5,G4R,5.854,0.057271284,5,Field,C3,Gramineae,NA,NA,Crop,Dryland,Cropland,Gramineae,Dryland,NA,C3,NA,NA,NA,NA,NA,1
15,H1B,5.9475,0.035939764,4,H1R,2.81,0.173973178,4,Field,C3,Leguminosae,N,NA,Crop,Dryland,Cropland,Leguminosae,Dryland,NA,C3,NA,NA,NA,NA,NA,1
16,H2B,5.92,0.13114877,4,H2R,4.2025,0.218231528,4,Field,C3,Leguminosae,N,NA,Crop,Dryland,Cropland,Leguminosae,Dryland,NA,C3,NA,NA,NA,NA,NA,1
17,H3B,5.985,0.090369611,4,H3R,4.47,0.122882057,3,Field,C3,Leguminosae,N,NA,Crop,Dryland,Cropland,Leguminosae,Dryland,NA,C3,NA,NA,NA,NA,NA,1
18,H4B,6.14,0.108320512,4,H4R,4.1275,0.827823451,4,Field,C3,Leguminosae,N,NA,Crop,Dryland,Cropland,Leguminosae,Dryland,NA,C3,NA,NA,NA,NA,NA,1
19,H5B,5.87,0.468899421,4,H5R,4.89,0.241660919,4,Field,C3,Leguminosae,N,NA,Crop,Dryland,Cropland,Leguminosae,Dryland,NA,C3,NA,NA,NA,NA,NA,1
20,J1B,5.923333333,0.072341781,3,J1R,6.163333333,0.032145503,3,Field,C3,Gramineae,N,Chemical,Crop,Dryland,Cropland,Gramineae,Dryland,Chemical,C3,NA,NA,NA,NA,NA,1
21,J2B,5.995,0.233345238,2,J2R,5.965,0.176776695,2,Field,C3,Gramineae,NO,NA,Crop,Dryland,Cropland,Gramineae,Dryland,NA,C3,NA,NA,NA,NA,NA,1
22,J3B,5.913333333,0.030550505,3,J3R,5.94,0.091651514,3,Field,C3,Gramineae,N,Chemical,Crop,Dryland,Cropland,Gramineae,Dryland,Chemical,C3,NA,NA,NA,NA,NA,1
23,J6B,5.766666667,0.04163332,3,J6R,5.71,0.108166538,3,Field,C4,Gramineae,N,Chemical,Crop,Dryland,Cropland,Gramineae,Dryland,Chemical,C4,NA,NA,NA,NA,NA,1
24,J7B,6.316666667,0.015275252,3,J7R,6.18,0.177763888,3,Field,C4,Gramineae,N,Chemical,Crop,Dryland,Cropland,Gramineae,Dryland,Chemical,C4,NA,NA,NA,NA,NA,1
25,J8B,6.315,0.120208153,2,J8R,6.23,0.056568542,2,Field,C4,Gramineae,NO,NA,Crop,Dryland,Cropland,Gramineae,Dryland,NA,C4,NA,NA,NA,NA,NA,1
26,J9B,5.923333333,0.075055535,3,J9R,6.093333333,0.032145503,3,Field,C4,Gramineae,N,Chemical,Crop,Dryland,Cropland,Gramineae,Dryland,Chemical,C4,NA,NA,NA,NA,NA,1
27,J10B,5.873333333,0.100664459,3,J10R,6.16,0.165227116,3,Field,C3,Gramineae,N,Chemical,Crop,Dryland,Cropland,Gramineae,Dryland,Chemical,C3,NA,NA,NA,NA,NA,1
28,J11B,5.786666667,0.090184995,3,J11R,6.266666667,0.065064071,3,Field,C3,Gramineae,NO,NA,Crop,Dryland,Cropland,Gramineae,Dryland,NA,C3,NA,NA,NA,NA,NA,1
29,J12B,5.973333333,0.060277138,3,J12R,6.28,0.01,3,Field,C3,Gramineae,N,Chemical,Crop,Dryland,Cropland,Gramineae,Dryland,Chemical,C3,NA,NA,NA,NA,NA,1
30,K1B,6.254,0.17052859,5,K1R,6.246,0.138491877,5,Field,C3,Gramineae,NA,NA,Crop,Dryland,Cropland,Gramineae,Dryland,NA,C3,NA,NA,NA,NA,NA,1
31,K2B,6.532,0.052630789,5,K2R,6.404,0.045607017,5,Field,C3,Gramineae,NA,NA,Crop,Dryland,Cropland,Gramineae,Dryland,NA,C3,NA,NA,NA,NA,NA,1
32,K3B,6.46,0.10559356,5,K3R,6.226,0.064265076,5,Field,C3,Gramineae,NA,NA,Crop,Dryland,Cropland,Gramineae,Dryland,NA,C3,NA,NA,NA,NA,NA,1
33,K4B,6.566,0.035071356,5,K4R,6.386,0.037815341,5,Field,C3,Gramineae,NA,NA,Crop,Dryland,Cropland,Gramineae,Dryland,NA,C3,NA,NA,NA,NA,NA,1
34,K5B,6.578,0.039623226,5,K5R,6.364,0.051283526,5,Field,C3,Gramineae,NA,NA,Crop,Dryland,Cropland,Gramineae,Dryland,NA,C3,NA,NA,NA,NA,NA,1
35,K6B,6.572,0.046043458,5,K6R,6.374,0.043931765,5,Field,C3,Gramineae,NA,NA,Crop,Dryland,Cropland,Gramineae,Dryland,NA,C3,NA,NA,NA,NA,NA,1
36,K7B,6.382,0.106630202,5,K7R,5.992,0.097313925,5,Field,C3,Gramineae,NA,NA,Crop,Dryland,Cropland,Gramineae,Dryland,NA,C3,NA,NA,NA,NA,NA,1
37,K8B,6.568,0.035637059,5,K8R,6.526,0.02792848,5,Field,C3,Gramineae,NA,NA,Crop,Dryland,Cropland,Gramineae,Dryland,NA,C3,NA,NA,NA,NA,NA,1
38,K9B,6.548,0.027748874,5,K9R,6.458,0.068702256,5,Field,C3,Gramineae,NA,NA,Crop,Dryland,Cropland,Gramineae,Dryland,NA,C3,NA,NA,NA,NA,NA,1
39,L1B,5.543333333,0.431083905,3,L1R,5.703333333,0.197315314,3,Field,NA,Poaceae,NO,NA,Grasses,Grassland,Grassland,NA,NA,NA,NA,Natural,Grasses,NA,NA,NA,1
40,L2B,4.866666667,0.02081666,3,L2R,4.99,0.157162336,3,Field,NA,Poaceae,NO,NA,Grasses,Grassland,Grassland,NA,NA,NA,NA,Natural,Grasses,NA,NA,NA,1
41,L4B,4.903333333,0.057735027,3,L4R,4.9,0.079372539,3,Field,NA,Poaceae,NO,NA,Grasses,Grassland,Grassland,NA,NA,NA,NA,Natural,Grasses,NA,NA,NA,1
42,L5B,5.996666667,0.188237439,3,L5R,6.06,0.105356538,3,Field,NA,Poaceae,NO,NA,Grasses,Grassland,Grassland,NA,NA,NA,NA,Natural,Grasses,NA,NA,NA,1
43,L6B,4.896666667,0.065064071,3,L6R,4.99,0.08660254,3,Field,NA,Poaceae,NO,NA,Grasses,Grassland,Grassland,NA,NA,NA,NA,Natural,Grasses,NA,NA,NA,1
44,M1B,4.663333333,0.424248355,6,M1R,5.05,0.377359245,6,Field,NA,Betulaceae,NO,NA,Tree,Forest,Forest,NA,NA,NA,NA,NA,NA,NA,Hardwood,Tree,1
45,M2B,4.308888889,0.584496459,9,M2R,4.215555556,0.698052847,9,Field,NA,Betulaceae,NO,NA,Tree,Forest,Forest,NA,NA,NA,NA,NA,NA,NA,Hardwood,Tree,1
46,N1B,4.99,0.353553391,2,N1R,3.8325,1.077075516,4,Field,NA,Compositae,NA,NA,Grass,NA,NA,NA,NA,NA,NA,NA,NA,NA,NA,NA,1
47,N1B,4.99,0.353553391,2,N2R,4.88,0.458112068,4,Field,C3,Solanaceae,NA,NA,Crop,Dryland,Cropland,Solanaceae,Dryland,NA,C3,NA,NA,NA,NA,NA,1
48,N1B,4.99,0.353553391,2,N3R,4.1225,1.103309416,4,Field,NA,Malvaceae,NA,NA,Grass,NA,NA,NA,NA,NA,NA,NA,NA,NA,NA,NA,1
49,O1B,4.076,0.556533916,5,O1R,4.382,0.465693032,5,Field,C4,Amaranthaceae,NO,NA,Shrubs,Grassland,Grassland,NA,NA,NA,NA,Natural,Shrubs,C4,NA,NA,1
50,O2B,3.728,0.323836378,5,O2R,3.742,0.440590513,5,Field,C4,Amaranthaceae,NO,NA,Shrubs,Grassland,Grassland,NA,NA,NA,NA,Natural,Shrubs,C4,NA,NA,1
51,O3B,3.82,0.433128157,5,O3R,3.526,0.711638953,5,Field,C4,Amaranthaceae,NO,NA,Shrubs,Grassland,Grassland,NA,NA,NA,NA,Natural,Shrubs,C4,NA,NA,1
52,O4B,3.692,0.618037216,5,O4R,3.222,0.450188849,5,Field,C4,Amaranthaceae,NO,NA,Shrubs,Grassland,Grassland,NA,NA,NA,NA,Natural,Shrubs,C4,NA,NA,1
53,P1B,5.533333333,0.14571662,3,P1R,5.463333333,0.023094011,3,Field,C3,Gramineae,N,Chemical,Crop,Dryland,Cropland,Gramineae,Dryland,Chemical,C3,NA,NA,NA,NA,NA,1
54,P2B,5.56,0.155563492,2,P2R,5.345,0.06363961,2,Field,C3,Gramineae,N,NA,Crop,Dryland,Cropland,Gramineae,Dryland,Chemical,C3,NA,NA,NA,NA,NA,1
55,P3B,5.563333333,0.107857931,3,P3R,5.51,0.156204994,3,Field,C3,Gramineae,N,NA,Crop,Dryland,Cropland,Gramineae,Dryland,Chemical,C3,NA,NA,NA,NA,NA,1
56,P4B,5.383333333,0.092915732,3,P4R,5.343333333,0.023094011,3,Field,C3,Gramineae,N,NA,Crop,Dryland,Cropland,Gramineae,Dryland,NA,C3,NA,NA,NA,NA,NA,1
57,Q1B,5.5625,0.156071565,4,Q1R,5.85,0.291661905,4,Field,NA,Fagaceae,NO,NA,Tree,Forest,Forest,NA,NA,NA,NA,NA,NA,NA,Hardwood,Tree,1
58,Q1B,5.5625,0.156071565,4,Q2R,5.5925,0.123119183,4,Field,NA,Fagaceae,NO,NA,Tree,Forest,Forest,NA,NA,NA,NA,NA,NA,NA,Hardwood,Tree,1
59,Q2B,5.805,0.2463737,4,Q3R,5.91,0.144913767,4,Field,NA,Fagaceae,NO,NA,Tree,Forest,Forest,NA,NA,NA,NA,NA,NA,NA,Hardwood,Tree,1
60,Q2B,5.805,0.2463737,4,Q4R,5.8875,0.238240075,4,Field,NA,Fagaceae,NO,NA,Tree,Forest,Forest,NA,NA,NA,NA,NA,NA,NA,Hardwood,Tree,1
61,Q3B,5.33,0.052915026,4,Q5R,5.0475,0.065,4,Field,NA,Fagaceae,NO,NA,Tree,Forest,Forest,NA,NA,NA,NA,NA,NA,NA,Hardwood,Tree,1
62,Q3B,5.33,0.052915026,4,Q6R,5.1,0.274590604,4,Field,NA,Fagaceae,NO,NA,Tree,Forest,Forest,NA,NA,NA,NA,NA,NA,NA,Hardwood,Tree,1
63,S1B,5.33,0.251157321,6,S1R,5.43,0.250599282,6,Field,NA,NA,NO,NA,Shrub,Forest,Forest,NA,NA,NA,NA,NA,NA,NA,Hardwood,Shrub,1
64,T1B,3.389,0.903873762,10,T5R,2.9225,0.478356562,4,Field,C3,Gramineae,NA,NA,Crop,Dryland,Cropland,Gramineae,Dryland,NA,C3,NA,NA,NA,NA,NA,1
65,T1B,3.389,0.903873762,10,T9R,2.4725,0.682513736,4,Field,C3,Gramineae,NA,NA,Crop,Dryland,Cropland,Gramineae,Dryland,NA,C3,NA,NA,NA,NA,NA,1
66,T1B,3.389,0.903873762,10,T10R,3.59,0.578676651,4,Field,C3,Gramineae,NA,NA,Crop,Dryland,Cropland,Gramineae,Dryland,NA,C3,NA,NA,NA,NA,NA,1
67,T1B,3.389,0.903873762,10,T12R,2.9,1.071447619,4,Field,C3,Gramineae,NA,NA,Crop,Dryland,Cropland,Gramineae,Dryland,NA,C3,NA,NA,NA,NA,NA,1
68,U1B,5.143333333,0.056862407,3,U1R,5.186666667,0.05033223,3,Field,NA,Fagaceae,NO,NA,Tree,Forest,Forest,NA,NA,NA,NA,NA,NA,NA,Hardwood,Tree,1
69,U2B,5.095,0.120208153,2,U2R,5.19,0.155563492,2,Field,NA,Fagaceae,NO,NA,Tree,Forest,Forest,NA,NA,NA,NA,NA,NA,NA,Hardwood,Tree,1
70,U3B,5.14,0.014142136,2,U3R,5.445,0.021213203,2,Field,NA,Fagaceae,NO,NA,Tree,Forest,Forest,NA,NA,NA,NA,NA,NA,NA,Hardwood,Tree,1
71,U4B,4.893333333,0.037859389,3,U4R,5.006666667,0.055075705,3,Field,NA,Fagaceae,NO,NA,Tree,Forest,Forest,NA,NA,NA,NA,NA,NA,NA,Hardwood,Tree,1
72,U5B,4.933333333,0.130128142,3,U5R,5.16,0.096436508,3,Field,NA,Betulaceae,NO,NA,Tree,Forest,Forest,NA,NA,NA,NA,NA,NA,NA,Hardwood,Tree,1
73,U6B,4.986666667,0.055075705,3,U6R,5.173333333,0.15011107,3,Field,NA,Betulaceae,NO,NA,Tree,Forest,Forest,NA,NA,NA,NA,NA,NA,NA,Hardwood,Tree,1
74,V1B,5.294,0.082643814,5,V1R,5.796,0.112827302,5,Field,NA,Poaceae,NO,NA,Grasses,Grassland,Grassland,NA,NA,NA,NA,Natural,Grasses,NA,NA,NA,1
75,V2B,5.546,0.138311243,5,V2R,5.716,0.079561297,5,Field,NA,Poaceae,NO,NA,Grasses,Grassland,Grassland,NA,NA,NA,NA,Natural,Grasses,NA,NA,NA,1
76,W1B,5.396666667,0.295014124,3,W1R,5.613333333,0.293655127,3,Field,C3,Poaceae,N,NA,Grasses,Grassland,Grassland,NA,NA,NA,NA,Artifical,Grasses,C3,NA,NA,1
77,W2B,5.56,0.329241553,3,W2R,5.57,0.225388553,3,Field,C3,Poaceae,N,NA,Grasses,Grassland,Grassland,NA,NA,NA,NA,Artifical,Grasses,C3,NA,NA,1
78,W3B,4.86,0.202237484,3,W3R,5.33,0.610245852,3,Field,C3,Poaceae,NO,NA,Grasses,Grassland,Grassland,NA,NA,NA,NA,Artifical,Grasses,C3,NA,NA,1
79,W4B,5.19,0.087177979,3,W4R,5.313333333,0.133166562,3,Field,C3,Poaceae,NO,NA,Grasses,Grassland,Grassland,NA,NA,NA,NA,Artifical,Grasses,C3,NA,NA,1
80,W6B,5.84,0.591016074,3,W6R,5.45,0.212837967,3,Field,C3,Poaceae,N,NA,Grasses,Grassland,Grassland,NA,NA,NA,NA,Artifical,Grasses,C3,NA,NA,1
81,W8B,5.343333333,0.202566861,3,W8R,5.746666667,0.323161466,3,Field,C3,Poaceae,NO,NA,Grasses,Grassland,Grassland,NA,NA,NA,NA,Artifical,Grasses,C3,NA,NA,1
82,W10B,5.146666667,0.068068593,3,W10R,5.443333333,0.25540817,3,Field,C3,Poaceae,N,NA,Grasses,Grassland,Grassland,NA,NA,NA,NA,Artifical,Grasses,C3,NA,NA,1
83,W11B,5.336666667,0.207926269,3,W11R,5.51,0.14,3,Field,C3,Poaceae,N,NA,Grasses,Grassland,Grassland,NA,NA,NA,NA,Artifical,Grasses,C3,NA,NA,1
84,W12B,5.493333333,0.133166562,3,W12R,5.8,0.485386444,3,Field,C3,Poaceae,N,NA,Grasses,Grassland,Grassland,NA,NA,NA,NA,Artifical,Grasses,C3,NA,NA,1
85,W13B,5.456666667,0.133166562,3,W13R,5.6,0.193132079,3,Field,C3,Poaceae,NO,NA,Grasses,Grassland,Grassland,NA,NA,NA,NA,Artifical,Grasses,C3,NA,NA,1
86,W14B,5.346666667,0.28360771,3,W14R,5.77,0.075498344,3,Field,C3,Poaceae,NO,NA,Grasses,Grassland,Grassland,NA,NA,NA,NA,Artifical,Grasses,C3,NA,NA,1
87,W15B,5.253333333,0.092915732,3,W15R,5.8,0.072111026,3,Field,C3,Poaceae,NO,NA,Grasses,Grassland,Grassland,NA,NA,NA,NA,Artifical,Grasses,C3,NA,NA,1
88,Y2B,6.195,0.035355339,2,Y6R,5.941666667,0.118560814,6,Greenhouse,C3,Compositae,NA,NA,Crop,Dryland,Cropland,NA,Dryland,NA,C3,NA,NA,NA,NA,NA,1
89,Y2B,6.195,0.035355339,2,Y8R,6.056,0.101636608,5,Greenhouse,C3,Compositae,NA,NA,Crop,Dryland,Cropland,NA,Dryland,NA,C3,NA,NA,NA,NA,NA,1
90,Z1B,5.765,0.129421791,6,Z1R,5.773333333,0.201461328,6,Field,C3,Leguminosae,NA,NA,Crop,Dryland,Cropland,Leguminosae,Dryland,NA,C3,NA,NA,NA,NA,NA,1
91,Z2B,5.784,0.081424812,5,Z2R,5.716,0.096591925,5,Field,C3,Leguminosae,NA,NA,Crop,Dryland,Cropland,Leguminosae,Dryland,NA,C3,NA,NA,NA,NA,NA,1
92,Z3B,5.756666667,0.186082419,6,Z3R,5.753333333,0.080663912,6,Field,C3,Leguminosae,NA,NA,Crop,Dryland,Cropland,Leguminosae,Dryland,NA,C3,NA,NA,NA,NA,NA,1
93,Z4B,5.815,0.11148991,6,Z4R,5.84,0.13251415,6,Field,C3,Leguminosae,NA,NA,Crop,Dryland,Cropland,Leguminosae,Dryland,NA,C3,NA,NA,NA,NA,NA,1
94,Z5B,5.83,0.073756356,6,Z5R,5.766666667,0.058878406,6,Field,C3,Leguminosae,NA,NA,Crop,Dryland,Cropland,Leguminosae,Dryland,NA,C3,NA,NA,NA,NA,NA,1
95,Z6B,5.726666667,0.261661359,6,Z6R,5.788333333,0.136149428,6,Field,C3,Leguminosae,NA,NA,Crop,Dryland,Cropland,Leguminosae,Dryland,NA,C3,NA,NA,NA,NA,NA,1
96,ZA1B,6.67,0.028284271,2,ZA1R,6.625,0.021213203,2,Field,NA,Cruciferae,NO,NA,Crop,Dryland,Cropland,Cruciferae,Dryland,NA,NA,NA,NA,NA,NA,NA,1
97,ZA2B,6.546666667,0.106926766,3,ZA2R,6.57,0.070710678,2,Field,NA,Cruciferae,N,OrganicChemical,Crop,Dryland,Cropland,Cruciferae,Dryland,Organic,NA,NA,NA,NA,NA,NA,1
98,ZC1B,5.146666667,0.238607069,3,ZC1R,5.025,0.297825452,4,Field,C3,Gramineae,NA,NA,Crop,Wetland,Cropland,Gramineae,Wetland,NA,C3,NA,NA,NA,NA,NA,1
99,ZC1B,5.146666667,0.238607069,3,ZC2R,4.76,0.243310501,3,Field,C3,Gramineae,NA,NA,Crop,Wetland,Cropland,Gramineae,Wetland,NA,C3,NA,NA,NA,NA,NA,1
100,ZC1B,5.146666667,0.238607069,3,ZC3R,5.073333333,0.247857486,3,Field,C3,Gramineae,NA,NA,Crop,Wetland,Cropland,Gramineae,Wetland,NA,C3,NA,NA,NA,NA,NA,1
101,ZC2B,5.693333333,0.178978583,3,ZC4R,5.47,0.135277493,3,Field,C3,Gramineae,NA,NA,Crop,Wetland,Cropland,Gramineae,Wetland,NA,C3,NA,NA,NA,NA,NA,1
102,ZC2B,5.693333333,0.178978583,3,ZC5R,5.316666667,0.176162803,3,Field,C3,Gramineae,NA,NA,Crop,Wetland,Cropland,Gramineae,Wetland,NA,C3,NA,NA,NA,NA,NA,1
103,ZC2B,5.693333333,0.178978583,3,ZC6R,5.616666667,0.015275252,3,Field,C3,Gramineae,NA,NA,Crop,Wetland,Cropland,Gramineae,Wetland,NA,C3,NA,NA,NA,NA,NA,1
104,ZC3B,5.283333333,0.161658075,3,ZC7R,4.75,0.37,3,Field,C3,Gramineae,NA,NA,Crop,Wetland,Cropland,Gramineae,Wetland,NA,C3,NA,NA,NA,NA,NA,1
105,ZC3B,5.283333333,0.161658075,3,ZC8R,4.933333333,0.135030861,3,Field,C3,Gramineae,NA,NA,Crop,Wetland,Cropland,Gramineae,Wetland,NA,C3,NA,NA,NA,NA,NA,1
106,ZC3B,5.283333333,0.161658075,3,ZC9R,5.17,0.186815417,3,Field,C3,Gramineae,NA,NA,Crop,Wetland,Cropland,Gramineae,Wetland,NA,C3,NA,NA,NA,NA,NA,1
107,ZC4B,4.896666667,0.168027775,3,ZC91R,4.376666667,0.18036999,3,Field,C3,Gramineae,NA,NA,Crop,Wetland,Cropland,Gramineae,Wetland,NA,C3,NA,NA,NA,NA,NA,1
108,ZC4B,4.896666667,0.168027775,3,ZC92R,4.866666667,0.263502056,3,Field,C3,Gramineae,NA,NA,Crop,Wetland,Cropland,Gramineae,Wetland,NA,C3,NA,NA,NA,NA,NA,1
109,ZC4B,4.896666667,0.168027775,3,ZC93R,4.943333333,0.25146239,3,Field,C3,Gramineae,NA,NA,Crop,Wetland,Cropland,Gramineae,Wetland,NA,C3,NA,NA,NA,NA,NA,1
110,ZD1B,5.883333333,0.219393102,3,ZD1R,5.656666667,0.056862407,3,Field,C4,Gramineae,NO,NA,Crop,Dryland,Cropland,Gramineae,Dryland,NA,C4,NA,NA,NA,NA,NA,1
111,ZD2B,5.713333333,0.070237692,3,ZD2R,5.86,0.122882057,3,Field,C4,Gramineae,N,Chemical,Crop,Dryland,Cropland,Gramineae,Dryland,Chemical,C4,NA,NA,NA,NA,NA,1
112,ZD4B,5.89,0.20808652,3,ZD4R,5.09,0.165227116,3,Field,C4,Gramineae,N,Chemical,Crop,Dryland,Cropland,Gramineae,Dryland,Chemical,C4,NA,NA,NA,NA,NA,1
113,ZD5B,6.08,0.05,3,ZD5R,5.62,0.295465734,3,Field,C4,Gramineae,N,Organic,Crop,Dryland,Cropland,Gramineae,Dryland,Organic,C4,NA,NA,NA,NA,NA,1
114,ZD6B,5.816666667,0.08326664,3,ZD6R,5.176666667,0.023094011,3,Field,C4,Gramineae,N,Organic,Crop,Dryland,Cropland,Gramineae,Dryland,Organic,C4,NA,NA,NA,NA,NA,1
115,ZE1B,6.026666667,0.08326664,3,ZE1R,5.9,0.306431069,3,Field,NA,Fabaceae,NA,NA,Tree,NA,NA,NA,NA,NA,NA,NA,NA,NA,NA,NA,1
116,ZE2B,5.793333333,0.135769412,3,ZE2R,5.77,0.175214155,3,Field,NA,Fabaceae,NA,NA,Tree,NA,NA,NA,NA,NA,NA,NA,NA,NA,NA,NA,1
117,ZE3B,5.716666667,0.31214313,3,ZE3R,5.75,0.220680765,3,Field,NA,Fabaceae,NA,NA,Tree,NA,NA,NA,NA,NA,NA,NA,NA,NA,NA,NA,1
118,ZE4B,5.943333333,0.073711148,3,ZE4R,5.88,0.192873015,3,Field,NA,Fabaceae,NA,NA,Tree,NA,NA,NA,NA,NA,NA,NA,NA,NA,NA,NA,1
119,ZE5B,5.81,0.155241747,3,ZE5R,5.65,0.221133444,3,Field,NA,Fabaceae,NA,NA,Tree,NA,NA,NA,NA,NA,NA,NA,NA,NA,NA,NA,1
120,ZE6B,5.61,0.085440037,3,ZE6R,5.383333333,0.213853532,3,Field,NA,Fabaceae,NA,NA,Tree,NA,NA,NA,NA,NA,NA,NA,NA,NA,NA,NA,1
121,ZE7B,5.27,0.09539392,3,ZE7R,5.146666667,0.1106044,3,Field,NA,Fabaceae,NA,NA,Tree,NA,NA,NA,NA,NA,NA,NA,NA,NA,NA,NA,1
122,ZE8B,5.71,0.085440037,3,ZE8R,5.566666667,0.272274371,3,Field,NA,Fabaceae,NA,NA,Tree,NA,NA,NA,NA,NA,NA,NA,NA,NA,NA,NA,1
123,ZF1B,5.608,0.112116011,5,ZF1R,5.162,0.650668887,5,Field,NA,salicaceae,NO,NA,Tree,Forest,Forest,NA,NA,NA,NA,NA,NA,NA,Hardwood,Tree,1
124,ZF2B,5.3,0.258553669,5,ZF2R,5.676,0.485880644,5,Field,NA,salicaceae,NO,NA,Tree,Forest,Forest,NA,NA,NA,NA,NA,NA,NA,Hardwood,Tree,1
125,ZF3B,6.47,0.166282891,5,ZF3R,6.268,0.511341373,5,Field,NA,salicaceae,NO,NA,Tree,Forest,Forest,NA,NA,NA,NA,NA,NA,NA,Hardwood,Tree,1
126,ZF4B,6.544,0.162265215,5,ZF4R,5.138,1.064222721,5,Field,NA,salicaceae,NO,NA,Tree,Forest,Forest,NA,NA,NA,NA,NA,NA,NA,Hardwood,Tree,1
127,ZJ1B,5.876,0.34774991,5,ZJ1R,5.776,0.159937488,5,Field,NA,Phrymaceae,NO,NA,Forbs,Grassland,Grassland,NA,NA,NA,NA,Natural,Forbs,NA,NA,NA,1
128,ZJ1B,5.876,0.34774991,5,ZJ2R,5.692,0.154175225,5,Field,NA,Phrymaceae,NO,NA,Forbs,Grassland,Grassland,NA,NA,NA,NA,Natural,Forbs,NA,NA,NA,1
129,ZJ1B,5.876,0.34774991,5,ZJ3R,5.856,0.22367387,5,Field,NA,Phrymaceae,NO,NA,Forbs,Grassland,Grassland,NA,NA,NA,NA,Natural,Forbs,NA,NA,NA,1
130,ZJ1B,5.876,0.34774991,5,ZJ4R,5.516,0.095551033,5,Field,NA,Phrymaceae,NO,NA,Forbs,Grassland,Grassland,NA,NA,NA,NA,Natural,Forbs,NA,NA,NA,1
131,ZJ2B,5.778,0.217761337,5,ZJ5R,5.7125,0.078898669,4,Field,NA,Phrymaceae,NO,NA,Forbs,Grassland,Grassland,NA,NA,NA,NA,Natural,Forbs,NA,NA,NA,1
132,ZJ2B,5.778,0.217761337,5,ZJ6R,5.65,0.373363094,5,Field,NA,Phrymaceae,NO,NA,Forbs,Grassland,Grassland,NA,NA,NA,NA,Natural,Forbs,NA,NA,NA,1
133,ZJ2B,5.778,0.217761337,5,ZJ7R,5.63,0.195140975,6,Field,NA,Phrymaceae,NO,NA,Forbs,Grassland,Grassland,NA,NA,NA,NA,Natural,Forbs,NA,NA,NA,1
134,ZJ2B,5.778,0.217761337,5,ZJ8R,5.9575,0.10404326,4,Field,NA,Phrymaceae,NO,NA,Forbs,Grassland,Grassland,NA,NA,NA,NA,Natural,Forbs,NA,NA,NA,1
135,ZK1B,5.205,0.054467115,4,ZK1R,4.565,0.122338329,4,Field,C4,Gramineae,NA,NA,Crop,Dryland,Cropland,Gramineae,Dryland,NA,C4,NA,NA,NA,NA,NA,1
136,ZK2B,5.1175,0.178768938,4,ZK2R,4.765,0.106301458,4,Field,C4,Gramineae,NA,NA,Crop,Dryland,Cropland,Gramineae,Dryland,NA,C4,NA,NA,NA,NA,NA,1
137,ZL1B,6.28,0.108934231,4,ZL1R,6.43,0.209284495,4,field,C3,Solanaceae,N,Chemical,Crop,Dryland,Cropland,Solanaceae,Dryland,Chemical,C3,NA,NA,NA,NA,NA,1
138,ZL2B,6.07,0.340293991,4,ZL2R,6.35,0.10984838,4,field,C3,Solanaceae,N,Chemical,Crop,Dryland,Cropland,Solanaceae,Dryland,Chemical,C3,NA,NA,NA,NA,NA,1
139,ZL3B,6.235,0.124498996,4,ZL3R,6.535,0.054467115,4,field,C3,Solanaceae,N,Chemical,Crop,Dryland,Cropland,Solanaceae,Dryland,Chemical,C3,NA,NA,NA,NA,NA,1
140,ZL4B,6.335,0.075938572,4,ZL4R,6.205,0.452290467,4,field,C3,Solanaceae,N,Chemical,Crop,Dryland,Cropland,Solanaceae,Dryland,Chemical,C3,NA,NA,NA,NA,NA,1
141,ZL5B,6.285,0.242830531,4,ZL5R,6.49,0.093094934,4,field,C3,Solanaceae,N,Chemical,Crop,Dryland,Cropland,Solanaceae,Dryland,Chemical,C3,NA,NA,NA,NA,NA,1
142,ZL6B,6.325,0.054467115,4,ZL6R,6.4825,0.083016063,4,field,C3,Solanaceae,N,Chemical,Crop,Dryland,Cropland,Solanaceae,Dryland,Chemical,C3,NA,NA,NA,NA,NA,1
143,ZL7B,6.0325,0.160078106,4,ZL7R,5.915,0.406653005,4,field,C3,Solanaceae,N,Chemical,Crop,Dryland,Cropland,Solanaceae,Dryland,Chemical,C3,NA,NA,NA,NA,NA,1
144,ZL9B,5.6975,0.157770931,4,ZL9R,5.403333333,0.748888065,3,field,C3,Solanaceae,N,Chemical,Crop,Dryland,Cropland,Solanaceae,Dryland,Chemical,C3,NA,NA,NA,NA,NA,1
145,ZL91B,5.69,0.07,3,ZL91R,5.903333333,0.120138809,3,field,C3,Solanaceae,N,Chemical,Crop,Dryland,Cropland,Solanaceae,Dryland,Chemical,C3,NA,NA,NA,NA,NA,1
146,ZL92B,5.613333333,0.111504858,3,ZL92R,6.043333333,0.262741952,3,field,C3,Solanaceae,N,Chemical,Crop,Dryland,Cropland,Solanaceae,Dryland,Chemical,C3,NA,NA,NA,NA,NA,1
147,ZM1B,4.69125,0.210742734,8,ZM1R,4.885,0.137008863,8,field,C3,convolvulaceae,N,NA,Crop,Dryland,Cropland,NA,Dryland,Chemical,C3,NA,NA,NA,NA,NA,1
148,ZM3B,5.0475,0.153920975,4,ZM3R,4.984,0.118025421,5,field,C3,convolvulaceae,N,NA,Crop,Dryland,Cropland,NA,Dryland,Organic,C3,NA,NA,NA,NA,NA,1
149,ZN1B,4.8,0.185202592,3,ZN1R,5.403333333,0.085049005,3,Field,NA,Ginkgoaceae,NO,NA,Tree,Forest,Forest,NA,NA,NA,NA,NA,NA,NA,Hardwood,Tree,1
150,ZN2B,4.616666667,0.040414519,3,ZN2R,5.336666667,0.070945989,3,Field,NA,Ginkgoaceae,NO,NA,Tree,Forest,Forest,NA,NA,NA,NA,NA,NA,NA,Hardwood,Tree,1
151,ZN3B,4.49,0.13892444,3,ZN3R,5.416666667,0.090184995,3,Field,NA,Ginkgoaceae,NO,NA,Tree,Forest,Forest,NA,NA,NA,NA,NA,NA,NA,Hardwood,Tree,1
152,ZP1B,5.29,0.24,3,ZP1R,5.675,0.136747943,4,Greenhouse,C3,Gramineae,NA,NA,Crop,Wetland,Cropland,Gramineae,Wetland,NA,C3,NA,NA,NA,NA,NA,1
153,ZP2B,5.335,0.333316666,4,ZP2R,5.575,0.071879529,4,Greenhouse,C3,Gramineae,NA,NA,Crop,Wetland,Cropland,Gramineae,Wetland,NA,C3,NA,NA,NA,NA,NA,1
154,ZP3B,5.52,0.134412301,4,ZP3R,5.5225,0.130989821,4,Greenhouse,C3,Gramineae,NA,NA,Crop,Wetland,Cropland,Gramineae,Wetland,NA,C3,NA,NA,NA,NA,NA,1
155,ZP4B,5.595,0.247487373,2,ZP4R,5.63,0.230651252,3,Greenhouse,C3,Gramineae,NA,NA,Crop,Wetland,Cropland,Gramineae,Wetland,NA,C3,NA,NA,NA,NA,NA,1
156,ZP5B,5.5075,0.336885243,4,ZP5R,5.3725,0.082613558,4,Greenhouse,C3,Gramineae,NA,NA,Crop,Wetland,Cropland,Gramineae,Wetland,NA,C3,NA,NA,NA,NA,NA,1
157,ZP6B,5.376666667,0.19857828,3,ZP6R,5.34,0.042426407,4,Greenhouse,C3,Gramineae,NA,NA,Crop,Wetland,Cropland,Gramineae,Wetland,NA,C3,NA,NA,NA,NA,NA,1
158,ZQ1B,5.47,0.127279221,2,ZQ1R,4.695,0.120208153,2,Chamber,NA,Musaceae,N,NA,Crop,Dryland,Cropland,NA,Dryland,Organic,NA,NA,NA,NA,NA,NA,1
159,ZQ2B,5.17,0.113137085,2,ZQ2R,4.87,0.028284271,2,Chamber,NA,Musaceae,N,NA,Crop,Dryland,Cropland,NA,Dryland,Organic,NA,NA,NA,NA,NA,NA,1
160,ZS1B,4.6225,0.043493295,4,ZS1R,4.5425,0.101447852,4,Field,C4,Primulaceae,NO,NA,Forbs,Grassland,Grassland,NA,NA,NA,NA,Natural,Forbs,C4,NA,NA,1
161,ZS2B,3.3625,0.045,4,ZS2R,4.5375,0.193799725,4,Field,NA,Amaranthaceae,NO,NA,Shrubs,Grassland,Grassland,NA,NA,NA,NA,Natural,Shrubs,NA,NA,NA,1
162,ZS3B,4.59,0.054772256,4,ZS3R,4.59,0.14787382,4,Field,C4,Primulaceae,NO,NA,Shrubs,Grassland,Grassland,NA,NA,NA,NA,Natural,Shrubs,C4,NA,NA,1
163,ZS4B,3.3775,0.128419884,4,ZS4R,4.48,0.203141986,4,Field,NA,Amaranthaceae,NO,NA,Shrubs,Grassland,Grassland,NA,NA,NA,NA,Natural,Shrubs,NA,NA,NA,1
164,ZT1B,4.623333333,1.125092589,3,ZT1R,5.97,0.113578167,3,Field,NA,Ranunculaceae,NO,NA,Forbs,Grassland,Grassland,NA,NA,NA,NA,Natural,Forbs,NA,NA,NA,1
165,ZT2B,6.075,0.021213203,2,ZT2R,6.26,0.042426407,2,Field,NA,Ranunculaceae,NO,NA,Forbs,Grassland,Grassland,NA,NA,NA,NA,Natural,Forbs,NA,NA,NA,1
166,ZT3B,4.913333333,0.232450712,3,ZT3R,5.176666667,0.73330303,3,Field,NA,Ranunculaceae,NO,NA,Forbs,Grassland,Grassland,NA,NA,NA,NA,Natural,Forbs,NA,NA,NA,1
167,ZU1B,4.135,0.255929678,4,ZU1R,4.6975,0.189450961,4,Greenhouse,NA,Cruciferae,N,Chemical,Crop,Dryland,Cropland,Cruciferae,Dryland,Chemical,NA,NA,NA,NA,NA,NA,1
168,ZU2B,4.385,0.072341781,4,ZU2R,4.1925,0.298482272,4,Greenhouse,NA,Cruciferae,N,Chemical,Crop,Dryland,Cropland,Cruciferae,Dryland,Chemical,NA,NA,NA,NA,NA,NA,1
169,ZU3B,3.726666667,0.136503968,3,ZU3R,3.813333333,0.14571662,3,Greenhouse,NA,Cruciferae,N,Chemical,Crop,Dryland,Cropland,Cruciferae,Dryland,Chemical,NA,NA,NA,NA,NA,NA,1
170,ZV1B,3.966,0.423591785,5,ZV1R,2.738,0.702474199,5,Greenhouse,C4,Gramineae,NA,NA,Crop,Dryland,Cropland,Gramineae,Dryland,NA,C4,NA,NA,NA,NA,NA,1
171,ZV2B,3.052,1.309702256,5,ZV2R,3.274,0.355007042,5,Greenhouse,C4,Gramineae,NA,NA,Crop,Dryland,Cropland,Gramineae,Dryland,NA,C4,NA,NA,NA,NA,NA,1
172,ZV3B,3.026,0.943758444,5,ZV3R,3.568,0.79910575,5,Greenhouse,C4,Gramineae,NA,NA,Crop,Dryland,Cropland,Gramineae,Dryland,NA,C4,NA,NA,NA,NA,NA,1
173,ZV4B,3.538,0.218563492,5,ZV4R,3.146,1.061522492,5,Greenhouse,C4,Gramineae,NA,NA,Crop,Dryland,Cropland,Gramineae,Dryland,NA,C4,NA,NA,NA,NA,NA,1
174,ZW1B,5.65,0.122882057,3,ZW1R,5.953333333,0.211974841,3,Chamber,C3,Solanaceae,NA,NA,Crop,Dryland,Cropland,Solanaceae,Dryland,NA,C3,NA,NA,NA,NA,NA,1
175,ZW2B,5.8475,0.224703508,4,ZW2R,5.59,0.240208243,3,Chamber,C3,Solanaceae,NA,NA,Crop,Dryland,Cropland,Solanaceae,Dryland,NA,C3,NA,NA,NA,NA,NA,1
176,ZW3B,5.73,0.35080859,4,ZW3R,5.246666667,0.325320355,3,Chamber,C3,Solanaceae,NA,NA,Crop,Dryland,Cropland,Solanaceae,Dryland,NA,C3,NA,NA,NA,NA,NA,1
177,ZW4B,5.603333333,0.290562673,6,ZW4R,5.7,0.216794834,5,Chamber,C3,Solanaceae,NA,NA,Crop,Dryland,Cropland,Solanaceae,Dryland,NA,C3,NA,NA,NA,NA,NA,1
178,ZW4B,5.603333333,0.290562673,6,ZW4R,5.7,0.216794834,5,Chamber,C3,Solanaceae,NA,NA,Crop,Dryland,Cropland,Solanaceae,Dryland,NA,C3,NA,NA,NA,NA,NA,1
179,ZW5B,5.1725,0.837550993,4,ZW5R,5.893333333,0.086216781,3,Chamber,C3,Solanaceae,NA,NA,Crop,Dryland,Cropland,Solanaceae,Dryland,NA,C3,NA,NA,NA,NA,NA,1
180,ZW6B,5.3,0.442568262,4,ZW6R,5.803333333,0.285365263,3,Chamber,C3,Solanaceae,NA,NA,Crop,Dryland,Cropland,Solanaceae,Dryland,NA,C3,NA,NA,NA,NA,NA,1
181,ZW7B,5.1475,0.227504579,4,ZW7R,5.896666667,0.155670592,3,Chamber,C3,Solanaceae,NA,NA,Crop,Dryland,Cropland,Solanaceae,Dryland,NA,C3,NA,NA,NA,NA,NA,1
182,ZX1B,5.7625,0.190153447,4,ZX1R,5.53,0.433666539,4,Chamber,NA,Solanaceae,N,Chemical,Crop,Dryland,Cropland,Solanaceae,Dryland,Organic,NA,NA,NA,NA,NA,NA,1
183,ZZA1B,4.136,0.626761518,5,ZZA1R,4.354,0.097108187,5,Greenhouse,NA,Asteraceae,NO,NA,Forbs,NA,NA,NA,NA,NA,NA,NA,NA,NA,NA,NA,1
184,ZZFA1B,3.693333333,0.325166624,3,ZZFA1R,4.47,0.288444102,3,Greenhouse,NA,Asteraceae,N,NA,Forbs,NA,NA,NA,NA,NA,NA,NA,NA,NA,NA,NA,1
185,ZZA2B,4.204,0.132966161,5,ZZA2R,4.308,0.29953297,5,Greenhouse,NA,Poaceae,NO,NA,Grasses,NA,NA,NA,NA,NA,NA,NA,NA,NA,NA,NA,1
186,ZZFA2B,4.203333333,0.315647483,3,ZZFA2R,4.473333333,0.028867513,3,Greenhouse,NA,Poaceae,N,NA,Grasses,NA,NA,NA,NA,NA,NA,NA,NA,NA,NA,NA,1
187,ZZA3B,4.246,0.16546903,5,ZZA3R,4.284,0.359763811,5,Greenhouse,C3,Poaceae,NO,NA,Grasses,NA,NA,NA,NA,NA,NA,NA,NA,NA,NA,NA,1
188,ZZFA4B,4.07,0.483838816,3,ZZFA3R,4.446666667,0.102632029,3,Greenhouse,C3,Poaceae,N,NA,Grasses,NA,NA,NA,NA,NA,NA,NA,NA,NA,NA,NA,1
189,ZZA4B,4.304,0.316670175,5,ZZA4R,4.412,0.14237275,5,Greenhouse,NA,Plantaginaceae,NO,NA,Forbs,NA,NA,NA,NA,NA,NA,NA,NA,NA,NA,NA,1
190,ZZFA4B,4.07,0.483838816,3,ZZFA4R,4.12,0.639765582,3,Greenhouse,NA,Plantaginaceae,N,NA,Forbs,NA,NA,NA,NA,NA,NA,NA,NA,NA,NA,NA,1
191,ZZC1B,5.173333333,0.056862407,3,ZZC1R,5.219230769,0.134997626,13,Field,NA,Rosaceae,NA,NA,Tree,Dryland,Cropland,NA,Dryland,NA,NA,NA,NA,NA,NA,NA,1
192,ZZC2B,5.14,0.113137085,2,ZZC2R,5.188333333,0.142945211,12,Field,NA,Rosaceae,NA,NA,Tree,Dryland,Cropland,NA,Dryland,NA,NA,NA,NA,NA,NA,NA,1
193,ZZD1B,4.543333333,0.722311106,3,ZZD1R,3.13,0.165227116,3,Greenhouse,C3,Gramineae,N,Chemical,Crop,Wetland,Cropland,Gramineae,Wetland,Chemical,C3,NA,NA,NA,NA,NA,1
194,ZZD2B,2.57,1.200166655,3,ZZD2R,3.426666667,0.385529938,3,Greenhouse,C3,Gramineae,N,Chemical,Crop,Wetland,Cropland,Gramineae,Wetland,Chemical,C3,NA,NA,NA,NA,NA,1
195,ZZE1B,6.1575,0.451395983,4,ZZE1R,6.473333333,0.172143351,3,Field,C4,Gramineae,NA,NA,Crop,Dryland,Cropland,Gramineae,Dryland,NA,C4,NA,NA,NA,NA,NA,1
196,ZZE2B,6.296666667,0.213853532,3,ZZE2R,5.735,0.537928124,4,Field,C4,Gramineae,NA,NA,Crop,Dryland,Cropland,Gramineae,Dryland,NA,C4,NA,NA,NA,NA,NA,1
197,ZZE3B,6.52,0.134412301,4,ZZE3R,6.46,0.14,3,Field,C4,Gramineae,NA,NA,Crop,Dryland,Cropland,Gramineae,Dryland,NA,C4,NA,NA,NA,NA,NA,1
198,ZZE4B,6.41,0.090184995,4,ZZE4R,5.893333333,0.447697815,3,Field,C4,Gramineae,NA,NA,Crop,Dryland,Cropland,Gramineae,Dryland,NA,C4,NA,NA,NA,NA,NA,1
199,ZZF1B,6.176666667,0.087368949,3,ZZF1R,5.373333333,0.28501462,3,Greenhouse,NA,Theaceae,NA,NA,Shrub,Dryland,Cropland,NA,Dryland,NA,NA,NA,NA,NA,NA,NA,1
200,ZZF1B,6.176666667,0.087368949,3,ZZF2R,5.153333333,0.268576494,3,Greenhouse,NA,Theaceae,NA,NA,Shrub,Dryland,Cropland,NA,Dryland,NA,NA,NA,NA,NA,NA,NA,1
201,ZZG1B,5.113333333,0.075718778,3,ZZG1R,4.88,0.157162336,3,Greenhouse,C3,Gramineae,NA,NA,Crop,Dryland,Cropland,Gramineae,Dryland,NA,C3,NA,NA,NA,NA,NA,1
202,ZZG2B,5.01,0,2,ZZG2R,4.32,0.296984848,2,Greenhouse,C3,Gramineae,NA,NA,Crop,Dryland,Cropland,Gramineae,Dryland,NA,C3,NA,NA,NA,NA,NA,1
203,ZZG3B,5.11,0.260576284,3,ZZG3R,5.02,0.165227116,3,Greenhouse,C3,Gramineae,NA,NA,Crop,Dryland,Cropland,Gramineae,Dryland,NA,C3,NA,NA,NA,NA,NA,1
204,ZZG4B,4.905,0.28991378,2,ZZG4R,4.705,0.049497475,2,Greenhouse,C3,Gramineae,NA,NA,Crop,Dryland,Cropland,Gramineae,Dryland,NA,C3,NA,NA,NA,NA,NA,1
205,ZZG5B,5.123333333,0.149777613,3,ZZG5R,4.96,0.157162336,3,Greenhouse,C3,Gramineae,NA,NA,Crop,Dryland,Cropland,Gramineae,Dryland,NA,C3,NA,NA,NA,NA,NA,1
206,ZZG6B,5.213333333,0.085049005,3,ZZG6R,4.686666667,0.378989886,3,Greenhouse,C3,Gramineae,NA,NA,Crop,Dryland,Cropland,Gramineae,Dryland,NA,C3,NA,NA,NA,NA,NA,1
207,ZZG7B,5.05,0.135277493,3,ZZG7R,5.033333333,0.081445278,3,Greenhouse,C3,Gramineae,NA,NA,Crop,Dryland,Cropland,Gramineae,Dryland,NA,C3,NA,NA,NA,NA,NA,1
208,ZZG8B,5.233333333,0.073711148,3,ZZG8R,5.146666667,0.119303534,3,Greenhouse,C3,Gramineae,NA,NA,Crop,Dryland,Cropland,Gramineae,Dryland,NA,C3,NA,NA,NA,NA,NA,1
209,ZZH1B,4.605,0.827314934,2,ZZH1R,4.835,0.601040764,2,field,NA,Palmae,NO,NA,Tree,Dryland,Cropland,NA,Dryland,NA,NA,NA,NA,NA,NA,NA,1
210,ZZH1B,4.605,0.827314934,2,ZZH2R,5.09,0.014142136,2,field,NA,Compositae,NO,NA,Forbs,Grassland,Grassland,NA,NA,NA,NA,Natural,Forbs,NA,NA,NA,1
211,ZZH1B,4.605,0.827314934,2,ZZH3R,4.705,0.148492424,2,field,C3,Convolvulaceae,NA,NA,Crop,Dryland,Cropland,NA,Dryland,NA,C3,NA,NA,NA,NA,NA,1
212,ZZI1B,5.795,0.074161985,4,ZZI1R,5.635,0.165428736,4,Field,C4,Poaceae,N,Chemical,Grasses,Grassland,Grassland,NA,NA,NA,NA,Artifical,Grasses,C4,NA,NA,1
213,ZZI1B,5.795,0.074161985,4,ZZI2R,5.725,0.031091264,4,Field,C3,NA,N,Chemical,Forbs,Grassland,Grassland,NA,NA,NA,NA,Artifical,Forbs,C3,NA,NA,1
214,ZZI2B,5.085,0.091469485,4,ZZI3R,5.1,0.191485422,4,Field,C4,Poaceae,NO,NA,Grasses,Grassland,Grassland,NA,NA,NA,NA,Artifical,Grasses,C4,NA,NA,1
215,ZZI2B,5.085,0.091469485,4,ZZI4R,5.215,0.155026879,4,Field,C3,NA,NO,NA,Forbs,Grassland,Grassland,NA,NA,NA,NA,Artifical,Forbs,C3,NA,NA,1
216,ZZL1B,5.02,0.200748599,3,ZZL1R,5.103333333,0.090184995,3,field,C4,Poaceae,NA,NA,Grasses,Grassland,Grassland,NA,NA,NA,NA,Artifical,Grasses,C4,NA,NA,1
217,ZZL1B,5.02,0.200748599,3,ZZL2R,5.23,0.381837662,2,field,C4,Poaceae,NA,NA,Grasses,Grassland,Grassland,NA,NA,NA,NA,Artifical,Grasses,C4,NA,NA,1
218,ZZM1B,5.006666667,0.221885857,3,ZZM1R,5.215,0.374766594,2,field,C4,Poaceae,NA,NA,Grasses,Grassland,Grassland,NA,NA,NA,NA,Natural,Grasses,C4,NA,NA,1
219,ZZM1B,5.006666667,0.221885857,3,ZZM2R,5.093333333,0.085049005,3,field,C4,Poaceae,NO,NA,Grasses,Grassland,Grassland,NA,NA,NA,NA,Natural,Grasses,C4,NA,NA,1
220,ZZM1B,5.006666667,0.221885857,3,ZZM4R,4.713333333,0.073711148,3,field,NA,Salicaceae,NO,NA,Shrub,Forest,Forest,NA,NA,NA,NA,NA,NA,NA,Hardwood,Shrub,1
221,ZZN1B,5.47,0.017320508,3,ZZN1R,5.483333333,0.085049005,3,Field,NA,NA,NA,NA,Moss,NA,NA,NA,NA,NA,NA,NA,NA,NA,NA,NA,1
222,ZZN3B,5.236666667,0.046188022,3,ZZN3R,5.143333333,0.180092569,3,Field,NA,NA,NA,NA,Moss,NA,NA,NA,NA,NA,NA,NA,NA,NA,NA,NA,1
223,ZZN4B,4.99,0.113137085,2,ZZN4R,5.08,0.014142136,2,Field,NA,NA,NA,NA,Moss,NA,NA,NA,NA,NA,NA,NA,NA,NA,NA,NA,1
224,ZZO1B,5.544,0.428754009,5,ZZO1R,5.726,0.248153179,5,field,NA,Pinaceae,NO,NA,Tree,Forest,Forest,NA,NA,NA,NA,NA,NA,NA,Needle,Tree,1
225,ZZO3B,5.6175,0.145229703,4,ZZO3R,5.6675,0.169779268,4,field,NA,Pinaceae,NO,NA,Tree,Forest,Forest,NA,NA,NA,NA,NA,NA,NA,Needle,Tree,1
226,ZZO4B,5.2575,0.286050695,4,ZZO4R,5.305,0.226053091,4,field,NA,Pinaceae,NO,NA,Tree,Forest,Forest,NA,NA,NA,NA,NA,NA,NA,Needle,Tree,1
227,ZZO5B,5.512,0.229499455,5,ZZO5R,5.324,0.142583309,5,field,NA,Pinaceae,NO,NA,Tree,Forest,Forest,NA,NA,NA,NA,NA,NA,NA,Needle,Tree,1
228,ZZO6B,5.795,0.190918831,2,ZZO6R,5.87,0.296984848,2,field,NA,Pinaceae,NO,NA,Tree,Forest,Forest,NA,NA,NA,NA,NA,NA,NA,Needle,Tree,1
229,ZZO7B,5.875,0.012909944,4,ZZO7R,5.8725,0.399113601,4,field,NA,Pinaceae,NO,NA,Tree,Forest,Forest,NA,NA,NA,NA,NA,NA,NA,Needle,Tree,1
230,ZZO8B,5.22,0.488944441,4,ZZO8R,5.335,0.341027858,4,field,NA,Pinaceae,NO,NA,Tree,Forest,Forest,NA,NA,NA,NA,NA,NA,NA,Needle,Tree,1
231,ZZO9B,5.793333333,0.040414519,3,ZZO9R,5.666666667,0.177857621,3,field,NA,Pinaceae,NO,NA,Tree,Forest,Forest,NA,NA,NA,NA,NA,NA,NA,Needle,Tree,1
232,ZZP1B,5.59,0.149331845,3,ZZP1R,5.69,0.03,3,Field,C3,Gramineae,N,Chemical,Crop,Dryland,Cropland,Gramineae,Dryland,Chemical,C3,NA,NA,NA,NA,NA,1
233,ZZP1B,5.59,0.149331845,3,ZZP2R,5.633333333,0.147422296,3,Field,C3,Gramineae,N,NA,Crop,Dryland,Cropland,Gramineae,Dryland,NA,C3,NA,NA,NA,NA,NA,1
234,ZZP1B,5.59,0.149331845,3,ZZP3R,5.376666667,0.430851869,3,Field,C3,Gramineae,N,NA,Crop,Dryland,Cropland,Gramineae,Dryland,NA,C3,NA,NA,NA,NA,NA,1
235,ZZP1B,5.59,0.149331845,3,ZZP4R,5.61,0.085440037,3,Field,C3,Gramineae,N,NA,Crop,Dryland,Cropland,Gramineae,Dryland,NA,C3,NA,NA,NA,NA,NA,1
236,ZZQ1B,6.205,0.176776695,2,ZZQ1R,5.748,0.42718198,10,field,NA,Vitaceae,NA,NA,Tree,Dryland,Cropland,NA,Dryland,NA,NA,NA,NA,NA,NA,NA,1
237,ZZS1B,5.062,0.197534807,5,ZZS1R,5.6125,0.071355915,4,field,NA,NA,NA,NA,Tree,Forest,Forest,NA,NA,NA,NA,NA,NA,NA,Hardwood,Tree,1
238,ZZS2B,5.214,0.085615419,5,ZZS2R,5.232,0.143422453,5,field,NA,Oleaceae,NA,NA,Tree,Dryland,Cropland,NA,Dryland,NA,NA,NA,NA,NA,NA,NA,1
239,ZZS2B,5.214,0.085615419,5,ZZS3R,5.146,0.139928553,5,field,NA,Oleaceae,NA,NA,Tree,Dryland,Cropland,NA,Dryland,NA,NA,NA,NA,NA,NA,NA,1
240,ZZT3B,4.776,0.116318528,5,ZZT3R,4.85,0.028284271,2,field,NA,Pinaceae,NO,NA,Tree,Forest,Forest,NA,NA,NA,NA,NA,NA,NA,Needle,Tree,1
241,ZZT5B,5.052,0.133678719,5,ZZT5R,4.5625,0.170562794,4,field,NA,Pinaceae,NO,NA,Tree,Forest,Forest,NA,NA,NA,NA,NA,NA,NA,Needle,Tree,1
242,ZZU1B,4.133333333,0.466516983,15,ZZU1R,4.9775,0.769837645,8,Greenhouse,NA,Malvaceae,NA,NA,Crop,Dryland,Cropland,NA,Dryland,NA,NA,NA,NA,NA,NA,NA,1
243,ZZU1B,4.133333333,0.466516983,15,ZZU3R,4.785555556,0.328104827,9,Greenhouse,NA,Malvaceae,NA,NA,Crop,Dryland,Cropland,NA,Dryland,NA,NA,NA,NA,NA,NA,NA,1
244,ZZU1B,4.133333333,0.466516983,15,ZZU5R,5.18,0.086520022,8,Greenhouse,NA,Malvaceae,NA,NA,Crop,Dryland,Cropland,NA,Dryland,NA,NA,NA,NA,NA,NA,NA,1
245,ZZV1B,5.213333333,0.234378611,3,ZZV1R,5.066666667,0.310859025,3,Field,C3,Gramineae,N,Chemical,Crop,Dryland,Cropland,Gramineae,Dryland,Chemical,C3,NA,NA,NA,NA,NA,1
246,ZZV2B,5.136666667,0.148436294,3,ZZV2R,5.113333333,0.359212101,3,Field,C3,Gramineae,N,Chemical,Crop,Dryland,Cropland,Gramineae,Dryland,Chemical,C3,NA,NA,NA,NA,NA,1
247,ZZV3B,5.135,0.091923882,2,ZZV3R,5.385,0.233345238,2,Field,C3,Gramineae,N,Chemical,Crop,Dryland,Cropland,Gramineae,Dryland,Chemical,C3,NA,NA,NA,NA,NA,1
248,ZZV4B,4.586666667,0.132035349,3,ZZV4R,5.01,0.226053091,3,Field,C3,Gramineae,N,Chemical,Crop,Dryland,Cropland,Gramineae,Dryland,Chemical,C3,NA,NA,NA,NA,NA,1
249,ZZV5B,5.006666667,0.145028733,3,ZZV5R,4.74,0.465080638,3,Field,C3,Gramineae,N,Chemical,Crop,Dryland,Cropland,Gramineae,Dryland,Chemical,C3,NA,NA,NA,NA,NA,1
250,ZZV6B,4.643333333,0.244404037,3,ZZV6R,4.68,0.257099203,3,Field,C3,Gramineae,N,Chemical,Crop,Dryland,Cropland,Gramineae,Dryland,Chemical,C3,NA,NA,NA,NA,NA,1
251,ZZV7B,5.013333333,0.100166528,3,ZZV7R,5.09,0.19,3,Field,C3,Gramineae,N,Chemical,Crop,Dryland,Cropland,Gramineae,Dryland,Chemical,C3,NA,NA,NA,NA,NA,1
252,ZZV8B,5.223333333,0.229419557,3,ZZV8R,5.28,0.2463737,3,Field,C3,Gramineae,N,Chemical,Crop,Dryland,Cropland,Gramineae,Dryland,Chemical,C3,NA,NA,NA,NA,NA,1
253,ZZV9B,4.395,0.332340187,2,ZZV9R,4.875,0.51618795,2,Field,C3,Gramineae,N,Chemical,Crop,Dryland,Cropland,Gramineae,Dryland,Chemical,C3,NA,NA,NA,NA,NA,1
254,ZZW1B,5.41,0.236431808,3,ZZW1R,5.796666667,0.032145503,3,field,NA,Leguminosae,NA,NA,Crop,Dryland,Cropland,Leguminosae,Dryland,NA,NA,NA,NA,NA,NA,NA,1
255,ZZW1B,5.41,0.236431808,3,ZZW2R,5.553333333,0.1106044,3,field,NA,Leguminosae,NA,NA,Crop,Dryland,Cropland,Leguminosae,Dryland,NA,NA,NA,NA,NA,NA,NA,1
256,ZZW1B,5.41,0.236431808,3,ZZW3R,5.596666667,0.303534732,3,field,NA,Leguminosae,NA,NA,Crop,Dryland,Cropland,Leguminosae,Dryland,NA,NA,NA,NA,NA,NA,NA,1
257,ZZX1B,5.3,0.241246762,4,ZZX1R,3.9,0.410121933,2,field,NA,Chenopodiaceae,NA,NA,Crop,Dryland,Cropland,NA,Dryland,NA,NA,NA,NA,NA,NA,NA,1
258,ZZY1B,5.323333333,0.181475435,3,ZZY1R,5.963333333,0.125033329,3,Field,NA,Agavaceae,NA,NA,Forbs,NA,NA,NA,NA,NA,NA,Natural,NA,NA,NA,NA,1
259,ZZY2B,5.236666667,0.165025251,3,ZZY2R,5.49,0.347706773,3,Field,NA,Agavaceae,NA,NA,Forbs,NA,NA,NA,NA,NA,NA,Natural,NA,NA,NA,NA,1
260,ZZY3B,5.246666667,0.155026879,3,ZZY3R,5.596666667,0.265015723,3,Field,NA,Agavaceae,NA,NA,Forbs,NA,NA,NA,NA,NA,NA,Natural,NA,NA,NA,NA,1
261,ZZY4B,5.09,0.268514432,3,ZZY4R,5.466666667,0.182300119,3,Field,NA,Agavaceae,NA,NA,Forbs,NA,NA,NA,NA,NA,NA,Natural,NA,NA,NA,NA,1
262,ZZY5B,5.38,0.108166538,3,ZZY5R,5.443333333,0.187705443,3,Field,NA,Agavaceae,NA,NA,Forbs,NA,NA,NA,NA,NA,NA,Natural,NA,NA,NA,NA,1
263,ZZY6B,5.42,0.069282032,3,ZZY6R,5.656666667,0.125033329,3,Field,NA,Agavaceae,NA,NA,Forbs,NA,NA,NA,NA,NA,NA,Natural,NA,NA,NA,NA,1
264,ZZY7B,5.083333333,0.267644042,3,ZZY7R,5.543333333,0.086216781,3,Field,NA,Agavaceae,NA,NA,Forbs,NA,NA,NA,NA,NA,NA,Natural,NA,NA,NA,NA,1
265,ZZY8B,5.03,0.072111026,3,ZZY8R,5.81,0.07,3,Field,NA,Agavaceae,NA,NA,Forbs,NA,NA,NA,NA,NA,NA,Natural,NA,NA,NA,NA,1
266,ZZZA1B,3.723333333,0.111504858,3,ZZZA1R,3.7225,0.55733742,4,Field,C4,Poaceae,NA,NA,Grasses,Grassland,Grassland,NA,NA,NA,NA,Artifical,Grasses,C4,NA,NA,1
267,ZZZA1B,3.723333333,0.111504858,3,ZZZA2R,3.4325,0.669744976,4,Field,C4,Poaceae,NA,NA,Grasses,Grassland,Grassland,NA,NA,NA,NA,Artifical,Grasses,C4,NA,NA,1
268,ZZZA1B,3.723333333,0.111504858,3,ZZZA3R,4.0575,0.489378858,4,Field,C4,Poaceae,NA,NA,Grasses,Grassland,Grassland,NA,NA,NA,NA,Artifical,Grasses,C4,NA,NA,1
269,ZZZA1B,3.723333333,0.111504858,3,ZZZA4R,3.5675,0.266129668,4,Field,C4,Poaceae,NA,NA,Grasses,Grassland,Grassland,NA,NA,NA,NA,Artifical,Grasses,C4,NA,NA,1
270,ZZZA5B,3.558,0.171813853,5,ZZZA5R,3.66,0.457383865,5,Field,C4,Poaceae,NA,NA,Grasses,Grassland,Grassland,NA,NA,NA,NA,Artifical,Grasses,C4,NA,NA,1
271,ZZZA5B,3.558,0.171813853,5,ZZZA6R,3.675,0.06363961,2,Field,C4,Poaceae,NA,NA,Grasses,Grassland,Grassland,NA,NA,NA,NA,Artifical,Grasses,C4,NA,NA,1
272,ZZZA5B,3.558,0.171813853,5,ZZZA7R,3.31,0.624219513,5,Field,C4,Poaceae,NA,NA,Grasses,Grassland,Grassland,NA,NA,NA,NA,Artifical,Grasses,C4,NA,NA,1
273,ZZZA5B,3.558,0.171813853,5,ZZZA8R,3.665,0.330706315,4,Field,C4,Poaceae,NA,NA,Grasses,Grassland,Grassland,NA,NA,NA,NA,Artifical,Grasses,C4,NA,NA,1
274,ZZZC1B,5.55,0.087177979,3,ZZZC1R,6.176666667,0.251064401,3,NA,NA,NA,NA,NA,Shrubs,Forest,Forest,NA,NA,NA,NA,NA,NA,NA,Needle,Shrub,1
275,ZZZD1B,6.197142857,0.05589105,7,ZZZD1R,6.346666667,0.045092498,3,Greenhouse,NA,Brassicaceae,NA,NA,Grass,NA,NA,NA,NA,NA,NA,NA,NA,NA,NA,NA,1
276,ZZZD1B,6.197142857,0.05589105,7,ZZZD2R,6.246666667,0.089628864,3,Greenhouse,NA,Brassicaceae,NA,NA,Grass,NA,NA,NA,NA,NA,NA,NA,NA,NA,NA,NA,1
277,ZZZD1B,6.197142857,0.05589105,7,ZZZD3R,6.183333333,0.035118846,3,Greenhouse,NA,Brassicaceae,NA,NA,Grass,NA,NA,NA,NA,NA,NA,NA,NA,NA,NA,NA,1
278,ZZZD1B,6.197142857,0.05589105,7,ZZZD4R,6.023333333,0.02081666,3,Greenhouse,NA,Brassicaceae,NA,NA,Grass,NA,NA,NA,NA,NA,NA,NA,NA,NA,NA,NA,1
279,ZZZD1B,6.197142857,0.05589105,7,ZZZD5R,6.323333333,0.045092498,3,Greenhouse,NA,Brassicaceae,NA,NA,Grass,NA,NA,NA,NA,NA,NA,NA,NA,NA,NA,NA,1
280,ZZZD1B,6.197142857,0.05589105,7,ZZZD6R,6.303333333,0.058594653,3,Greenhouse,NA,Brassicaceae,NA,NA,Grass,NA,NA,NA,NA,NA,NA,NA,NA,NA,NA,NA,1
281,ZZZD1B,6.197142857,0.05589105,7,ZZZD7R,6.303333333,0.037859389,3,Greenhouse,NA,Brassicaceae,NA,NA,Grass,NA,NA,NA,NA,NA,NA,NA,NA,NA,NA,NA,1
282,ZZZD1B,6.197142857,0.05589105,7,ZZZD8R,6.253333333,0.032145503,3,Greenhouse,NA,Brassicaceae,NA,NA,Grass,NA,NA,NA,NA,NA,NA,NA,NA,NA,NA,NA,1
283,ZZZD1B,6.197142857,0.05589105,7,ZZZD9R,6.023333333,0.120138809,3,Greenhouse,NA,Brassicaceae,NA,NA,Grass,NA,NA,NA,NA,NA,NA,NA,NA,NA,NA,NA,1
284,ZZZD1B,6.197142857,0.05589105,7,ZZZD91R,6.216666667,0.035118846,3,Greenhouse,NA,Brassicaceae,NA,NA,Grass,NA,NA,NA,NA,NA,NA,NA,NA,NA,NA,NA,1
285,ZZZE1B,6.648125,0.215010659,16,ZZZE1R,6.82,0.04,3,field,NA,Brassicaceae,NA,NA,Forbs,NA,NA,NA,NA,NA,NA,NA,NA,NA,NA,NA,1
286,ZZZE1B,6.648125,0.215010659,16,ZZZE2R,6.733333333,0.090737717,3,field,NA,Brassicaceae,NA,NA,Forbs,NA,NA,NA,NA,NA,NA,NA,NA,NA,NA,NA,1
287,ZZZE1B,6.648125,0.215010659,16,ZZZE3R,6.8175,0.054390563,4,field,NA,Brassicaceae,NA,NA,Forbs,NA,NA,NA,NA,NA,NA,NA,NA,NA,NA,NA,1
288,ZZZE1B,6.648125,0.215010659,16,ZZZE4R,6.623333333,0.243118627,6,field,NA,Brassicaceae,NA,NA,Forbs,NA,NA,NA,NA,NA,NA,NA,NA,NA,NA,NA,1
289,ZZZE1B,6.648125,0.215010659,16,ZZZE5R,6.77,0.042426407,2,field,NA,Brassicaceae,NA,NA,Forbs,NA,NA,NA,NA,NA,NA,NA,NA,NA,NA,NA,1
290,ZZZE1B,6.648125,0.215010659,16,ZZZE6R,6.79,0.056568542,4,field,NA,Brassicaceae,NA,NA,Forbs,NA,NA,NA,NA,NA,NA,NA,NA,NA,NA,NA,1
291,ZZZE1B,6.648125,0.215010659,16,ZZZE7R,6.848,0.034205263,5,field,NA,Brassicaceae,NA,NA,Forbs,NA,NA,NA,NA,NA,NA,NA,NA,NA,NA,NA,1
292,ZZZE1B,6.648125,0.215010659,16,ZZZE8R,6.79,0.075277265,4,field,NA,Brassicaceae,NA,NA,Forbs,NA,NA,NA,NA,NA,NA,NA,NA,NA,NA,NA,1
293,ZZZE1B,6.648125,0.215010659,16,ZZZE9R,6.838,0.069065187,5,field,NA,Brassicaceae,NA,NA,Forbs,NA,NA,NA,NA,NA,NA,NA,NA,NA,NA,NA,1
294,ZZZG1B,5.622222222,0.265178137,9,ZZZG1R,5.212222222,0.212060002,9,Field,C3,Gramineae,NA,NA,Crop,Dryland,Cropland,Gramineae,Dryland,NA,C3,NA,NA,NA,NA,NA,1
295,ZZZG2B,5.712857143,0.385085025,7,ZZZG2R,5.274285714,0.474898485,7,Field,C3,Gramineae,NA,NA,Crop,Dryland,Cropland,Gramineae,Dryland,NA,C3,NA,NA,NA,NA,NA,1
296,ZZZG3B,5.553333333,0.201080415,3,ZZZG3R,5.336666667,0.33650161,3,Field,C3,Gramineae,NA,NA,Crop,Dryland,Cropland,Gramineae,Dryland,NA,C3,NA,NA,NA,NA,NA,1
297,ZZZG4B,5.7325,0.189978069,4,ZZZG4R,4.84,0.721572357,4,Field,C3,Gramineae,NA,NA,Crop,Dryland,Cropland,Gramineae,Dryland,NA,C3,NA,NA,NA,NA,NA,1
298,ZZZG5B,5.623333333,0.308847319,6,ZZZG5R,5.528333333,0.351250148,6,Field,C3,Gramineae,NA,NA,Crop,Dryland,Cropland,Gramineae,Dryland,NA,C3,NA,NA,NA,NA,NA,1
299,ZZZH1B,4.016666667,0.671590153,3,ZZZH1R,4.926666667,0.222336082,3,NA,NA,NA,NA,NA,Crop,Dryland,Cropland,NA,Dryland,NA,NA,NA,NA,NA,NA,NA,1
300,ZZZH2B,4.426666667,0.193993127,3,ZZZH2R,5.063333333,0.38214308,3,NA,NA,NA,NA,NA,Crop,Dryland,Cropland,NA,Dryland,NA,NA,NA,NA,NA,NA,NA,1
301,ZZZH3B,4.58,0.141421356,2,ZZZH3R,4.81,0.410121933,2,NA,NA,NA,NA,NA,Crop,Dryland,Cropland,NA,Dryland,NA,NA,NA,NA,NA,NA,NA,1
302,ZZZI1B,3.662,0.375459718,5,ZZZI1R,4.314,0.663422942,5,Field,NA,Theaceae,NA,NA,Shrubs,Forest,Forest,NA,NA,NA,NA,NA,NA,NA,Hardwood,Shrub,1
303,ZZZJ1B,5.12,0.291032644,3,ZZZJ1R,5.243333333,0.110151411,3,Chamber,NA,Cruciferae,N,NA,Crop,Dryland,Cropland,Cruciferae,Dryland,Organic,NA,NA,NA,NA,NA,NA,1
304,ZZZJ2B,5.343333333,0.170391706,3,ZZZJ2R,5.253333333,0.270246801,3,Chamber,NA,Cruciferae,NO,NA,Crop,Dryland,Cropland,Cruciferae,Dryland,Chemical,NA,NA,NA,NA,NA,NA,1
305,ZZZJ3B,5.366666667,0.135769412,3,ZZZJ3R,5.37,0.055677644,3,Chamber,NA,Cruciferae,N,NA,Crop,Dryland,Cropland,Cruciferae,Dryland,Organic,NA,NA,NA,NA,NA,NA,1
306,ZZZJ4B,5.166666667,0.285365263,3,ZZZJ4R,5.376666667,0.118462371,3,Chamber,NA,Cruciferae,N,Chemical,Crop,Dryland,Cropland,Cruciferae,Dryland,Chemical,NA,NA,NA,NA,NA,NA,1
307,ZZZJ5B,5.34,0.121655251,3,ZZZJ5R,5.593333333,0.070945989,3,Chamber,NA,Cruciferae,N,NA,Crop,Dryland,Cropland,Cruciferae,Dryland,NA,NA,NA,NA,NA,NA,NA,1
308,ZZZJ6B,5.453333333,0.073711148,3,ZZZJ6R,5.253333333,0.240277617,3,Chamber,NA,Solanaceae,N,Chemical,Crop,Dryland,Cropland,Solanaceae,Dryland,Chemical,NA,NA,NA,NA,NA,NA,1
309,ZZZJ7B,5.163333333,0.10214369,3,ZZZJ7R,5.346666667,0.223681321,3,Chamber,NA,Solanaceae,NO,NA,Crop,Dryland,Cropland,Solanaceae,Dryland,Chemical,NA,NA,NA,NA,NA,NA,1
310,ZZZM3B,5.618333333,0.141762713,6,ZZZM3R,5.84,0.141421356,2,Field,C3,Gramineae,N,Organic,Crop,Wetland,Cropland,Gramineae,Wetland,Organic,C3,NA,NA,NA,NA,NA,1
311,ZZZM3B,5.618333333,0.141762713,6,ZZZM4R,5.553333333,0.223681321,3,Field,C3,Gramineae,N,Organic,Crop,Wetland,Cropland,Gramineae,Wetland,Organic,C3,NA,NA,NA,NA,NA,1
312,ZZZN1B,6.063333333,0.030110906,6,ZZZN1R,6.413333333,0.14571662,3,Field,C3,Leguminosae,NA,NA,Crop,Dryland,Cropland,Leguminosae,Dryland,NA,C3,NA,NA,NA,NA,NA,1
313,ZZZN2B,6.074,0.081731267,5,ZZZN2R,6.643333333,0.005773503,3,Field,C3,Leguminosae,NA,NA,Crop,Dryland,Cropland,Leguminosae,Dryland,NA,C3,NA,NA,NA,NA,NA,1
314,ZZZO1B,6.055,0.021213203,2,ZZZO11R,5.89,0.22627417,2,Field,C4,Gramineae,N,Chemical,Crop,Dryland,Cropland,Gramineae,Dryland,Chemical,C4,NA,NA,NA,NA,NA,1
315,ZZZO1B,6.055,0.021213203,2,ZZZO12R,5.72,0.579827561,2,Field,C4,Gramineae,N,Chemical,Crop,Dryland,Cropland,Gramineae,Dryland,Chemical,C4,NA,NA,NA,NA,NA,1
316,ZZZO1B,6.055,0.021213203,2,ZZZO13R,2.955,1.237436867,2,Field,C4,Gramineae,N,Chemical,Crop,Dryland,Cropland,Gramineae,Dryland,Chemical,C4,NA,NA,NA,NA,NA,1
317,ZZZO1B,6.055,0.021213203,2,ZZZO14R,5.79,0.127279221,2,Field,C4,Gramineae,N,Chemical,Crop,Dryland,Cropland,Gramineae,Dryland,Chemical,C4,NA,NA,NA,NA,NA,1
318,ZZZO1B,6.055,0.021213203,2,ZZZO15R,5.765,0.38890873,2,Field,C4,Gramineae,N,Chemical,Crop,Dryland,Cropland,Gramineae,Dryland,Chemical,C4,NA,NA,NA,NA,NA,1
319,ZZZO3B,5.88,0.410121933,2,ZZZO31R,4.795,1.06773124,2,Field,C4,Gramineae,N,Chemical,Crop,Dryland,Cropland,Gramineae,Dryland,Chemical,C4,NA,NA,NA,NA,NA,1
320,ZZZO3B,5.88,0.410121933,2,ZZZO32R,4.385,0.007071068,2,Field,C4,Gramineae,N,Chemical,Crop,Dryland,Cropland,Gramineae,Dryland,Chemical,C4,NA,NA,NA,NA,NA,1
321,ZZZO3B,5.88,0.410121933,2,ZZZO33R,4.825,0.883883476,2,Field,C4,Gramineae,N,Chemical,Crop,Dryland,Cropland,Gramineae,Dryland,Chemical,C4,NA,NA,NA,NA,NA,1
322,ZZZO3B,5.88,0.410121933,2,ZZZO35R,4.77,0.961665222,2,Field,C4,Gramineae,N,Chemical,Crop,Dryland,Cropland,Gramineae,Dryland,Chemical,C4,NA,NA,NA,NA,NA,1
323,ZZZP4B,5.32,0.856465605,4,ZZZP4R,4.72,0.221960958,4,Field,C4,Gramineae,N,Organic,Crop,Dryland,Cropland,Gramineae,Dryland,Organic,C4,NA,NA,NA,NA,NA,1
324,ZZZP5B,5.48,0.558450237,4,ZZZP5R,5.0575,0.5616271,4,Field,C4,Gramineae,NA,Organic,Crop,Dryland,Cropland,Gramineae,Dryland,Organic,C4,NA,NA,NA,NA,NA,1
325,ZZZP6B,5.0325,0.422167029,4,ZZZP6R,4.58,0.24832774,4,Field,C4,Gramineae,N,Organic,Crop,Dryland,Cropland,Gramineae,Dryland,Organic,C4,NA,NA,NA,NA,NA,1
326,ZZZP7B,4.9225,0.240190896,4,ZZZP7R,4.9575,0.581571148,4,Field,C4,Gramineae,N,Organic,Crop,Dryland,Cropland,Gramineae,Dryland,Organic,C4,NA,NA,NA,NA,NA,1
327,ZZZP8B,5.16,0.350285598,3,ZZZP8R,4.77,0.61878914,3,Field,C4,Gramineae,NA,Organic,Crop,Dryland,Cropland,Gramineae,Dryland,Organic,C4,NA,NA,NA,NA,NA,1
328,ZZZP9B,5.825,0.55812185,4,ZZZP9R,4.735,0.325627599,4,Field,C4,Gramineae,N,Organic,Crop,Dryland,Cropland,Gramineae,Dryland,Organic,C4,NA,NA,NA,NA,NA,1
329,ZZZQ2B,5.5075,0.078475049,4,ZZZQ2R,4.77,0.564535207,3,Field,C4,Gramineae,NA,NA,Crop,Dryland,Cropland,Gramineae,Dryland,NA,C4,NA,NA,NA,NA,NA,1
330,ZZZQ3B,5.48,0.02,3,ZZZQ3R,4.73,0.084852814,2,Field,C4,Gramineae,NA,NA,Crop,Dryland,Cropland,Gramineae,Dryland,NA,C4,NA,NA,NA,NA,NA,1
331,ZZZQ4B,5.285,0.155884573,4,ZZZQ4R,5.095,0.296479342,4,Field,C4,Gramineae,NA,NA,Crop,Dryland,Cropland,Gramineae,Dryland,NA,C4,NA,NA,NA,NA,NA,1
332,ZZZS1B,5.773333333,0.338575447,3,ZZZS1R,5.496666667,0.625486477,3,Field,C3,Poaceae,N,NA,Grasses,Grassland,Grassland,NA,NA,NA,NA,Artifical,Grasses,C3,NA,NA,1
333,ZZZS3B,5.326666667,0.132790562,3,ZZZS3R,5.403333333,0.300388637,3,Field,C3,Poaceae,NO,NA,Grasses,Grassland,Grassland,NA,NA,NA,NA,Artifical,Grasses,C3,NA,NA,1
334,ZZZS4B,5.38,0.219317122,3,ZZZS4R,5.773333333,0.3453018,3,Field,C3,Poaceae,NO,NA,Grasses,Grassland,Grassland,NA,NA,NA,NA,Artifical,Grasses,C3,NA,NA,1
335,ZZZS5B,6.036666667,0.170391706,3,ZZZS5R,5.973333333,0.226789183,3,Field,C3,Poaceae,N,NA,Grasses,Grassland,Grassland,NA,NA,NA,NA,Artifical,Grasses,C3,NA,NA,1
336,ZZZS6B,5.45,0.28,3,ZZZS6R,5.63,0.291376046,3,Field,C3,Poaceae,N,NA,Grasses,Grassland,Grassland,NA,NA,NA,NA,Artifical,Grasses,C3,NA,NA,1
337,ZZZS7B,5.593333333,0.323470761,3,ZZZS7R,5.606666667,0.219620885,3,Field,C3,Poaceae,N,NA,Grasses,Grassland,Grassland,NA,NA,NA,NA,Artifical,Grasses,C3,NA,NA,1
338,ZZZS93B,5.353333333,0.185022521,3,ZZZS93R,5.72,0.236431808,3,Field,C3,Poaceae,N,NA,Grasses,Grassland,Grassland,NA,NA,NA,NA,Artifical,Grasses,C3,NA,NA,1
339,ZZZS94B,5.52,0.147309199,3,ZZZS94R,5.833333333,0.430387422,3,Field,C3,Poaceae,N,NA,Grasses,Grassland,Grassland,NA,NA,NA,NA,Artifical,Grasses,C3,NA,NA,1
340,ZZZS95B,5.496666667,0.125033329,3,ZZZS95R,5.723333333,0.193993127,3,Field,C3,Poaceae,NO,NA,Grasses,Grassland,Grassland,NA,NA,NA,NA,Artifical,Grasses,C3,NA,NA,1
341,ZZZS96B,5.37,0.297153159,3,ZZZS96R,5.813333333,0.072341781,3,Field,C3,Poaceae,NO,NA,Grasses,Grassland,Grassland,NA,NA,NA,NA,Artifical,Grasses,C3,NA,NA,1
342,ZZZU1B,5.844166667,0.14963339,12,ZZZU1R,4.7475,0.173473865,12,Field,C3,Leguminosae,NA,NA,Crop,Dryland,Cropland,Leguminosae,Dryland,NA,C3,NA,NA,NA,NA,NA,1
343,ZZZU2B,5.778333333,0.174971859,12,ZZZU2R,5.491666667,0.18170072,12,Field,C3,Leguminosae,NA,NA,Crop,Dryland,Cropland,Leguminosae,Dryland,NA,C3,NA,NA,NA,NA,NA,1
344,ZZZW1B,6.01,0.45254834,2,ZZZW1R,5.693333333,0.231156513,3,Greenhouse,C3,Leguminosae,N,Chemical,Crop,Dryland,Cropland,Leguminosae,Dryland,Chemical,C3,NA,NA,NA,NA,NA,1
345,ZZZW1B,6.01,0.45254834,2,ZZZW2R,5.7075,0.217619699,4,Greenhouse,C3,Leguminosae,N,Chemical,Crop,Dryland,Cropland,Leguminosae,Dryland,Chemical,C3,NA,NA,NA,NA,NA,1
346,ZZZW1B,6.01,0.45254834,2,ZZZW3R,5.23,0.850352868,3,Greenhouse,C3,Leguminosae,N,Chemical,Crop,Dryland,Cropland,Leguminosae,Dryland,Chemical,C3,NA,NA,NA,NA,NA,1
347,ZZZW1B,6.01,0.45254834,2,ZZZW4R,5.455,0.460253553,4,Greenhouse,C3,Leguminosae,N,Chemical,Crop,Dryland,Cropland,Leguminosae,Dryland,Chemical,C3,NA,NA,NA,NA,NA,1
348,ZZZX1B,4.8775,0.135984068,4,ZZZX1R,5.226666667,0.419324854,3,Greenhouse,C4,Poaceae,NA,NA,Grasses,NA,NA,NA,NA,NA,NA,NA,NA,NA,NA,NA,1
349,ZZZY1B,4.38,0.394144644,5,ZZZY1R,3.505,0.401372645,4,Field,NA,Leguminosae,NA,NA,Shrub,Forest,Forest,NA,NA,NA,NA,NA,NA,NA,Hardwood,Shrub,1
350,ZZZY1B,4.38,0.394144644,5,ZZZY2R,4.402857143,0.450433653,7,Field,NA,Leguminosae,NA,NA,Shrub,Forest,Forest,NA,NA,NA,NA,NA,NA,NA,Hardwood,Shrub,1
351,ZZZZA1B,3.275,0.035355339,2,ZZZZA2R,4.326,0.231581519,5,Field,C3,Leguminosae,NA,NA,Fabaceae,Grassland,Grassland,NA,NA,NA,NA,Artifical,NA,C3,NA,NA,1
352,ZZZZA1B,3.275,0.035355339,2,ZZZZA3R,4.278,0.162080227,5,Field,C3,Leguminosae,NA,NA,Fabaceae,Grassland,Grassland,NA,NA,NA,NA,Artifical,NA,C3,NA,NA,1
353,ZZZZA1B,3.275,0.035355339,2,ZZZZA4R,4.464,0.13390295,5,Field,C3,Leguminosae,NA,NA,Fabaceae,Grassland,Grassland,NA,NA,NA,NA,Artifical,NA,C3,NA,NA,1
354,ZZZZA1B,3.275,0.035355339,2,ZZZZA7R,4.38,0.239165215,5,Field,C3,Leguminosae,NA,NA,Fabaceae,Grassland,Grassland,NA,NA,NA,NA,Artifical,NA,C3,NA,NA,1
355,ZZZZE1B,5.97,0.058878406,4,ZZZZE1R,6.1625,0.063442888,4,Greenhouse,C3,Gramineae,NA,NA,Crop,Wetland,Cropland,Gramineae,Wetland,NA,C3,NA,NA,NA,NA,NA,1
356,ZZZZE1B,5.97,0.058878406,4,ZZZZE2R,6.2075,0.028722813,4,Greenhouse,C3,Gramineae,NA,NA,Crop,Wetland,Cropland,Gramineae,Wetland,NA,C3,NA,NA,NA,NA,NA,1
357,ZZZZE1B,5.97,0.058878406,4,ZZZZE3R,6.16,0.018257419,4,Greenhouse,C3,Gramineae,NA,NA,Crop,Wetland,Cropland,Gramineae,Wetland,NA,C3,NA,NA,NA,NA,NA,1
358,ZZZZE4B,5.9875,0.088835053,4,ZZZZE4R,5.805,0.031091264,4,Greenhouse,C3,Gramineae,NA,NA,Crop,Wetland,Cropland,Gramineae,Wetland,NA,C3,NA,NA,NA,NA,NA,1
359,ZZZZE4B,5.9875,0.088835053,4,ZZZZE5R,5.58,0.055976185,4,Greenhouse,C3,Gramineae,NA,NA,Crop,Wetland,Cropland,Gramineae,Wetland,NA,C3,NA,NA,NA,NA,NA,1
360,ZZZZE4B,5.9875,0.088835053,4,ZZZZE6R,5.9825,0.049916597,4,Greenhouse,C3,Gramineae,NA,NA,Crop,Wetland,Cropland,Gramineae,Wetland,NA,C3,NA,NA,NA,NA,NA,1
361,ZZZZE7B,6.035,0.101488916,4,ZZZZE7R,6.055,0.077244202,4,Greenhouse,C3,Gramineae,NA,NA,Crop,Wetland,Cropland,Gramineae,Wetland,NA,C3,NA,NA,NA,NA,NA,1
362,ZZZZE7B,6.035,0.101488916,4,ZZZZE8R,6.105,0.051961524,4,Greenhouse,C3,Gramineae,NA,NA,Crop,Wetland,Cropland,Gramineae,Wetland,NA,C3,NA,NA,NA,NA,NA,1
363,ZZZZE7B,6.035,0.101488916,4,ZZZZE9R,5.825,0.061373175,4,Greenhouse,C3,Gramineae,NA,NA,Crop,Wetland,Cropland,Gramineae,Wetland,NA,C3,NA,NA,NA,NA,NA,1
364,ZZZZF1B,5.1,0.325269119,2,ZZZZF1R,4.655,0.473761543,2,Field,C4,Gramineae,NA,NA,Crop,Dryland,Cropland,Gramineae,Dryland,NA,C4,NA,NA,NA,NA,NA,1
365,ZZZZF2B,5.015,0.487903679,2,ZZZZF2R,4.855,0.374766594,2,Field,C3,Gramineae,NA,NA,Crop,Dryland,Cropland,Gramineae,Dryland,NA,C3,NA,NA,NA,NA,NA,1
366,ZZZZF3B,4.905,0.148492424,2,ZZZZF3R,4.83,0.509116882,2,Field,C3,Poaceae,NA,NA,Grasses,Grassland,Grassland,NA,NA,NA,NA,Artifical,Grasses,C3,NA,NA,1
367,ZZZZF4B,5.176666667,0.31785741,3,ZZZZF4R,5.133333333,0.698307478,3,Field,C4,Gramineae,NA,NA,Crop,Dryland,Cropland,Gramineae,Dryland,NA,C4,NA,NA,NA,NA,NA,1
368,ZZZZF5B,4.795,0.459619408,2,ZZZZF5R,5.07,0.325269119,2,Field,C4,Gramineae,NA,NA,Crop,Dryland,Cropland,Gramineae,Dryland,NA,C4,NA,NA,NA,NA,NA,1
369,ZZZZF6B,5.18,0.292061637,3,ZZZZF6R,5.313333333,0.405133723,3,Field,C4,Gramineae,NA,NA,Crop,Dryland,Cropland,Gramineae,Dryland,NA,C4,NA,NA,NA,NA,NA,1
370,ZZZZF7B,5.375,0.007071068,2,ZZZZF7R,5.03,0.551543289,2,Field,C3,Gramineae,NA,NA,Crop,Dryland,Cropland,Gramineae,Dryland,NA,C3,NA,NA,NA,NA,NA,1
371,ZZZZF8B,5.065,0.148492424,2,ZZZZF8R,5.065,0.360624458,2,Field,C3,Poaceae,NA,NA,Grasses,Grassland,Grassland,NA,NA,NA,NA,Artifical,Grasses,C3,NA,NA,1
372,ZZZZF9B,4.673333333,0.318799833,3,ZZZZF9R,5.133333333,0.425245027,3,Field,C4,Poaceae,NA,NA,Grasses,Grassland,Grassland,NA,NA,NA,NA,Artifical,Grasses,C4,NA,NA,1
373,ZZZZF91B,5.263333333,0.176729549,3,ZZZZF91R,5.17,0.19078784,3,Field,C3,Solanaceae,NA,NA,Crop,Dryland,Cropland,Solanaceae,Dryland,NA,C3,NA,NA,NA,NA,NA,1
374,ZZZZF92B,5.125,0.6151829,2,ZZZZF92R,5.085,0.332340187,2,Field,C4,Poaceae,NA,NA,Grasses,Grassland,Grassland,NA,NA,NA,NA,Artifical,Grasses,C4,NA,NA,1
375,ZZZZF93B,5.24,0.014142136,2,ZZZZF93R,4.83,0.380394532,3,Field,C4,Gramineae,NA,NA,Crop,Dryland,Cropland,Gramineae,Dryland,NA,C4,NA,NA,NA,NA,NA,1
376,ZZZZF94B,4.96,0.353411941,3,ZZZZF94R,4.926666667,0.304357246,3,Field,C3,Gramineae,NA,NA,Crop,Dryland,Cropland,Gramineae,Dryland,NA,C3,NA,NA,NA,NA,NA,1
377,ZZZZF95B,4.86,0.593969696,2,ZZZZF95R,5.285,0.16263456,2,Field,C4,Poaceae,NA,NA,Grasses,Grassland,Grassland,NA,NA,NA,NA,Artifical,Grasses,C4,NA,NA,1
378,ZZZZF96B,4.543333333,0.676781599,3,ZZZZF96R,4.783333333,0.094516313,3,Field,C3,Gramineae,NA,NA,Crop,Dryland,Cropland,Gramineae,Dryland,NA,C3,NA,NA,NA,NA,NA,1
379,ZZZZF97B,4.933333333,0.190875177,3,ZZZZF97R,5.283333333,0.228108161,3,Field,C3,Gramineae,NA,NA,Crop,Dryland,Cropland,Gramineae,Dryland,NA,C3,NA,NA,NA,NA,NA,1
380,ZZZZF98B,4.83,0,2,ZZZZF98R,5.25,0.509116882,2,Field,C3,Gramineae,NA,NA,Crop,Dryland,Cropland,Gramineae,Dryland,NA,C3,NA,NA,NA,NA,NA,1
381,ZZZZF99B,5.066666667,0.244199372,3,ZZZZF99R,4.933333333,0.459601276,3,Field,C3,Gramineae,NA,NA,Crop,Dryland,Cropland,Gramineae,Dryland,NA,C3,NA,NA,NA,NA,NA,1
382,ZZZZG1B,5.14,0.173493516,3,ZZZZG1R,4.823333333,0.506194956,3,Field,C4,Gramineae,NA,NA,Crop,Dryland,Cropland,Gramineae,Dryland,NA,C4,NA,NA,NA,NA,NA,1
383,ZZZZG2B,5.356666667,0.133166562,3,ZZZZG2R,5.303333333,0.242143208,3,Field,C4,Gramineae,NA,NA,Crop,Dryland,Cropland,Gramineae,Dryland,NA,C4,NA,NA,NA,NA,NA,1
384,ZZZZG3B,5.463333333,0.107857931,3,ZZZZG3R,5.186666667,0.426184624,3,Field,C4,Gramineae,NA,NA,Crop,Dryland,Cropland,Gramineae,Dryland,NA,C4,NA,NA,NA,NA,NA,1
385,ZZZZG4B,5.386666667,0.31374087,3,ZZZZG4R,5.543333333,0.145028733,3,Field,C4,Gramineae,NA,NA,Crop,Dryland,Cropland,Gramineae,Dryland,NA,C4,NA,NA,NA,NA,NA,1
386,ZZZZG5B,5.34,0.478434949,3,ZZZZG5R,5.373333333,0.090737717,3,Field,C4,Gramineae,NA,NA,Crop,Dryland,Cropland,Gramineae,Dryland,NA,C4,NA,NA,NA,NA,NA,1
387,ZZZZG6B,5.446666667,0.337095437,3,ZZZZG6R,5.14,0.278388218,3,Field,C4,Gramineae,NA,NA,Crop,Dryland,Cropland,Gramineae,Dryland,NA,C4,NA,NA,NA,NA,NA,1
388,ZZZZG7B,4.956666667,0.085049005,3,ZZZZG7R,5.176666667,0.294844592,3,Field,C4,Gramineae,NA,NA,Crop,Dryland,Cropland,Gramineae,Dryland,NA,C4,NA,NA,NA,NA,NA,1
389,ZZZZG8B,5.083333333,0.075718778,3,ZZZZG8R,5.266666667,0.155026879,3,Field,C4,Gramineae,NA,NA,Crop,Dryland,Cropland,Gramineae,Dryland,NA,C4,NA,NA,NA,NA,NA,1
390,ZZZZG9B,4.916666667,0.090737717,3,ZZZZG9R,4.69,0.127671453,3,Field,C4,Gramineae,NA,NA,Crop,Dryland,Cropland,Gramineae,Dryland,NA,C4,NA,NA,NA,NA,NA,1
391,ZZZZJ1B,4.516666667,0.463177432,3,ZZZZJ1R,4.543333333,0.255799401,3,Greenhouse,C3,Gramineae,NA,NA,Crop,Dryland,Cropland,Gramineae,Dryland,NA,C3,NA,NA,NA,NA,NA,1
392,ZZZZJ2B,4.4575,0.252107781,4,ZZZZJ2R,4.5875,0.262852937,4,Greenhouse,C3,Gramineae,NA,NA,Crop,Dryland,Cropland,Gramineae,Dryland,NA,C3,NA,NA,NA,NA,NA,1
393,ZZZZJ3B,4.85,0.120277457,4,ZZZZJ3R,4.8875,0.088081402,4,Greenhouse,C3,Gramineae,NA,NA,Crop,Dryland,Cropland,Gramineae,Dryland,NA,C3,NA,NA,NA,NA,NA,1
394,ZZZZJ4B,4.936,0.124016128,5,ZZZZJ4R,4.986,0.174728361,5,Greenhouse,C3,Gramineae,NA,NA,Crop,Dryland,Cropland,Gramineae,Dryland,NA,C3,NA,NA,NA,NA,NA,1
395,ZZZZJ5B,5.132,0.25123694,5,ZZZZJ5R,5.028,0.504053569,5,Greenhouse,C3,Gramineae,NA,NA,Crop,Dryland,Cropland,Gramineae,Dryland,NA,C3,NA,NA,NA,NA,NA,1
396,ZZZZJ6B,5.105,0.332340187,2,ZZZZJ6R,5.215,0.106066017,2,Greenhouse,C3,Gramineae,NA,NA,Crop,Dryland,Cropland,Gramineae,Dryland,NA,C3,NA,NA,NA,NA,NA,1
397,ZZZZJ7B,4.96,0.042426407,2,ZZZZJ7R,4.91,0.212132034,2,Greenhouse,C3,Gramineae,NA,NA,Crop,Dryland,Cropland,Gramineae,Dryland,NA,C3,NA,NA,NA,NA,NA,1
398,ZZZZJ8B,5.16,0.311929479,3,ZZZZJ8R,5.096666667,0.428291178,3,Greenhouse,C3,Gramineae,NA,NA,Crop,Dryland,Cropland,Gramineae,Dryland,NA,C3,NA,NA,NA,NA,NA,1
399,ZZZZJ9B,5.34,0.155563492,2,ZZZZJ9R,5.51,0.098994949,2,Greenhouse,C3,Gramineae,NA,NA,Crop,Dryland,Cropland,Gramineae,Dryland,NA,C3,NA,NA,NA,NA,NA,1
400,ZZZZJ91B,4.8075,0.093585968,4,ZZZZJ91R,4.9475,0.174427635,4,Greenhouse,C3,Gramineae,NA,NA,Crop,Dryland,Cropland,Gramineae,Dryland,NA,C3,NA,NA,NA,NA,NA,1
401,ZZZZJ92B,5.343333333,0.226789183,3,ZZZZJ92R,5.36,0.410731056,3,Greenhouse,C3,Gramineae,NA,NA,Crop,Dryland,Cropland,Gramineae,Dryland,NA,C3,NA,NA,NA,NA,NA,1
402,ZZZZJ93B,5.0075,0.096046864,4,ZZZZJ93R,5.165,0.112694277,4,Greenhouse,C3,Gramineae,NA,NA,Crop,Dryland,Cropland,Gramineae,Dryland,NA,C3,NA,NA,NA,NA,NA,1
403,ZZZZJ94B,4.79,0.127279221,2,ZZZZJ94R,5.135,0.06363961,2,Greenhouse,C3,Gramineae,NA,NA,Crop,Dryland,Cropland,Gramineae,Dryland,NA,C3,NA,NA,NA,NA,NA,1
404,ZZZZL1B,6.086666667,0.166232769,3,ZZZZL1R,6.263333333,0.045092498,3,Field,NA,NA,NO,NA,Grasses,Grassland,Grassland,NA,NA,NA,NA,Natural,Grasses,NA,NA,NA,1
405,ZZZZL2B,6.133333333,0.101159939,3,ZZZZL2R,6.053333333,0.133166562,3,Field,NA,NA,NO,NA,Shrubs,Grassland,Grassland,NA,NA,NA,NA,Natural,Shrubs,NA,NA,NA,1
406,ZZZZL3B,6.163333333,0.175594229,3,ZZZZL3R,6.086666667,0.219393102,3,Field,NA,NA,NO,NA,Shrub,Forest,Forest,NA,NA,NA,NA,NA,NA,NA,NA,Shrub,1
407,ZZZZL4B,5.98,0.226495033,3,ZZZZL4R,6.113333333,0.085049005,3,Field,NA,NA,NO,NA,Tree,Forest,Forest,NA,NA,NA,NA,NA,NA,NA,NA,Tree,1
408,ZZZZM1B,5.218333333,0.108704492,6,ZZZZM1R,5.083333333,0.204026142,6,Field,NA,Lauraceae,NA,NA,Shrubs,Forest,Forest,NA,NA,NA,NA,NA,NA,NA,NA,Shrub,1
409,ZZZZN1B,6.16,0.121655251,3,ZZZZN1R,6.273333333,0.035118846,3,Field,C4,Gramineae,NO,NA,Crop,Dryland,Cropland,Gramineae,Dryland,NA,C4,NA,NA,NA,NA,NA,1
410,ZZZZN2B,6.24,0.065574385,3,ZZZZN2R,6.323333333,0.065064071,3,Field,C4,Gramineae,N,OrganicChemical,Crop,Dryland,Cropland,Gramineae,Dryland,Organic,C4,NA,NA,NA,NA,NA,1
411,ZZZZN3B,6.116666667,0.051316014,3,ZZZZN3R,6.363333333,0.126622799,3,Field,C4,Gramineae,N,Chemical,Crop,Dryland,Cropland,Gramineae,Dryland,Chemical,C4,NA,NA,NA,NA,NA,1
412,ZZZZN4B,6.256666667,0.120968315,3,ZZZZN4R,6.393333333,0.057735027,3,Field,C4,Gramineae,N,Chemical,Crop,Dryland,Cropland,Gramineae,Dryland,Organic,C4,NA,NA,NA,NA,NA,1
413,ZZZZN5B,6.216666667,0.090737717,3,ZZZZN5R,6.23,0.156204994,3,Field,C4,Gramineae,N,Chemical,Crop,Dryland,Cropland,Gramineae,Dryland,Organic,C4,NA,NA,NA,NA,NA,1
414,ZZZZN6B,6.12,0.087177979,3,ZZZZN6R,6.203333333,0.025166115,3,Field,C4,Gramineae,N,OrganicChemical,Crop,Dryland,Cropland,Gramineae,Dryland,Organic,C4,NA,NA,NA,NA,NA,1
415,ZZZZO1B,5.6475,0.243087776,4,ZZZZO1R,5.77,0.275922694,4,Field,C4,Gramineae,N,NA,Crop,Dryland,Cropland,Gramineae,Dryland,NA,C4,NA,NA,NA,NA,NA,1
416,ZZZZO2B,5.705,0.346482323,2,ZZZZO2R,5.645,0.219203102,2,Field,C4,Gramineae,N,NA,Crop,Dryland,Cropland,Gramineae,Dryland,NA,C4,NA,NA,NA,NA,NA,1
417,ZZZZO3B,5.59,0.155563492,2,ZZZZO3R,5.66,0.312409987,3,Field,C4,Gramineae,N,NA,Crop,Dryland,Cropland,Gramineae,Dryland,NA,C4,NA,NA,NA,NA,NA,1
418,ZZZZP1B,5.71,0.127279221,4,ZZZZP1R,4.5275,0.335298375,4,Field,C3,Leguminosae,NA,NA,Crop,Dryland,Cropland,Leguminosae,Dryland,NA,C3,NA,NA,NA,NA,NA,1
419,ZZZZP2B,5.775,0.148884743,4,ZZZZP2R,4.6225,0.109962115,4,Field,C3,Leguminosae,NA,NA,Crop,Dryland,Cropland,Leguminosae,Dryland,NA,C3,NA,NA,NA,NA,NA,1
420,ZZZZP3B,5.845,0.152861593,4,ZZZZP3R,4.9975,0.162967277,4,Field,C3,Leguminosae,NA,NA,Crop,Dryland,Cropland,Leguminosae,Dryland,NA,C3,NA,NA,NA,NA,NA,1
421,ZZZZP4B,5.7375,0.141745076,4,ZZZZP4R,5.545,0.117331439,4,Field,C3,Leguminosae,NA,NA,Crop,Dryland,Cropland,Leguminosae,Dryland,NA,C3,NA,NA,NA,NA,NA,1
422,ZZZZQ1B,5.282857143,0.215539191,7,ZZZZQ1R,4.821428571,0.429977851,7,Chamber,C3,Solanaceae,NA,NA,Crop,Dryland,Cropland,Solanaceae,Dryland,NA,C3,NA,NA,NA,NA,NA,1
423,ZZZZQ2B,5.404444444,0.193720876,9,ZZZZQ2R,5.154444444,0.208333333,9,Chamber,C3,Solanaceae,NA,NA,Crop,Dryland,Cropland,Solanaceae,Dryland,NA,C3,NA,NA,NA,NA,NA,1
424,ZZZZQ3B,5.515,0.233345238,2,ZZZZQ3R,5.01,0.45254834,2,Chamber,C3,Solanaceae,NA,NA,Crop,Dryland,Cropland,Solanaceae,Dryland,NA,C3,NA,NA,NA,NA,NA,1
425,ZZZZS1B,4.1525,0.152178623,4,ZZZZS1R,4.095,0.14525839,4,Chamber,C3,Solanaceae,N,Organic,Crop,Dryland,Cropland,Solanaceae,Dryland,Organic,C3,NA,NA,NA,NA,NA,1
426,ZZZZS2B,4.88,0.045460606,4,ZZZZS2R,3.79,0.066833126,4,Chamber,C3,Solanaceae,N,Organic,Crop,Dryland,Cropland,Solanaceae,Dryland,Organic,C3,NA,NA,NA,NA,NA,1
427,ZZZZS3B,4.21,0.064807407,4,ZZZZS3R,4.025,0.110905365,4,Chamber,C3,Solanaceae,N,Chemical,Crop,Dryland,Cropland,Solanaceae,Dryland,Chemical,C3,NA,NA,NA,NA,NA,1
428,ZZZZT1B,5.826666667,0.224715308,12,ZZZZT1R,4.729166667,0.166867303,12,Field,C3,Leguminosae,NA,NA,Crop,Dryland,Cropland,Leguminosae,Dryland,NA,C3,NA,NA,NA,NA,NA,1
429,ZZZZT2B,5.811666667,0.127338727,12,ZZZZT2R,5.451666667,0.16770284,12,Field,C3,Leguminosae,NA,NA,Crop,Dryland,Cropland,Leguminosae,Dryland,NA,C3,NA,NA,NA,NA,NA,1
430,ZZZZU1B,6.26,0.055976185,4,ZZZZU1R,5.27,0.239304548,4,Greenhouse,C3,Cucurbitaceae,N,Organic,Crop,Dryland,Cropland,Cucurbitaceae,Dryland,Organic,C3,NA,NA,NA,NA,NA,1
431,ZZZZU2B,6.195,0.188060274,4,ZZZZU2R,4.9475,0.181727818,4,Greenhouse,C3,Cucurbitaceae,N,Chemical,Crop,Dryland,Cropland,Cucurbitaceae,Dryland,Chemical,C3,NA,NA,NA,NA,NA,1
432,ZZZZU3B,6.0875,0.062383224,4,ZZZZU3R,5.135,0.126885775,4,Greenhouse,C3,Cucurbitaceae,NO,NA,Crop,Dryland,Cropland,Cucurbitaceae,Dryland,NA,C3,NA,NA,NA,NA,NA,1
433,ZZZZU4B,6.065,0.150222058,4,ZZZZU4R,4.84,0.139283883,4,Greenhouse,C3,Cucurbitaceae,N,Organic,Crop,Dryland,Cropland,Cucurbitaceae,Dryland,Organic,C3,NA,NA,NA,NA,NA,1
434,ZZZZU5B,6.12,0.024494897,4,ZZZZU5R,4.395,0.335211376,4,Greenhouse,C3,Cucurbitaceae,N,Chemical,Crop,Dryland,Cropland,Cucurbitaceae,Dryland,Chemical,C3,NA,NA,NA,NA,NA,1
435,ZZZZU6B,5.905,0.100166528,4,ZZZZU6R,5.09,0.291089906,4,Greenhouse,C3,Cucurbitaceae,NO,NA,Crop,Dryland,Cropland,Cucurbitaceae,Dryland,NA,C3,NA,NA,NA,NA,NA,1
436,ZZZZV1B,5.972,0.086139422,5,ZZZZV1R,5.264,0.065802736,5,Greenhouse,C3,Solanaceae,N,Organic,Crop,Dryland,Cropland,Solanaceae,Dryland,Organic,C3,NA,NA,NA,NA,NA,1
437,ZZZZV2B,5.936,0.115887877,5,ZZZZV2R,5.746,0.075696763,5,Greenhouse,C3,Solanaceae,N,Chemical,Crop,Dryland,Cropland,Solanaceae,Dryland,Chemical,C3,NA,NA,NA,NA,NA,1
438,ZZZZV3B,6.054,0.09154234,5,ZZZZV3R,5.352,0.185930094,5,Greenhouse,C3,Solanaceae,N,Organic,Crop,Dryland,Cropland,Solanaceae,Dryland,Organic,C3,NA,NA,NA,NA,NA,1
439,ZZZZW1B,6.295555556,0.13342705,9,ZZZZW1R,6.46,0.075332596,9,Field,C4,Gramineae,N,Chemical,Crop,Dryland,Cropland,Gramineae,Dryland,Chemical,C4,NA,NA,NA,NA,NA,1
440,ZZZZW2B,6.491111111,0.136697151,9,ZZZZW2R,6.451111111,0.092255683,9,Field,C4,Gramineae,N,Organic,Crop,Dryland,Cropland,Gramineae,Dryland,Organic,C4,NA,NA,NA,NA,NA,1
441,ZZZZX1B,5.113333333,0.051316014,3,ZZZZX1R,5.1875,0.166207701,4,Field,C3,Solanaceae,N,Chemical,Crop,Dryland,Cropland,Solanaceae,Dryland,Chemical,C3,NA,NA,NA,NA,NA,1
442,ZZZZY1B,6.41,0.086023253,4,ZZZZY1R,6.365,0.046547467,4,Field,C4,Gramineae,N,Organic,Crop,Dryland,Cropland,Gramineae,Dryland,Organic,C4,NA,NA,NA,NA,NA,1
443,ZZZZY2B,6.1725,0.211876536,4,ZZZZY2R,6.32,0.07,3,Field,C4,Gramineae,N,Organic,Crop,Dryland,Cropland,Gramineae,Dryland,Organic,C4,NA,NA,NA,NA,NA,1
444,ZZZZY3B,6.4375,0.08616844,4,ZZZZY3R,6.2625,0.129196233,4,Field,C4,Gramineae,N,Organic,Crop,Dryland,Cropland,Gramineae,Dryland,Organic,C4,NA,NA,NA,NA,NA,1
445,ZZZZY4B,6.29,0.175689119,4,ZZZZY4R,6.27,0.017320508,3,Field,C4,Gramineae,N,Organic,Crop,Dryland,Cropland,Gramineae,Dryland,Organic,C4,NA,NA,NA,NA,NA,1
446,ZZZZZA1B,4.92,0.141421356,2,ZZZZZA1R,5.195,0.190866445,6,Greenhouse,C3,Leguminosae,NA,NA,Crop,Dryland,Cropland,Leguminosae,Dryland,NA,C3,NA,NA,NA,NA,NA,1
447,ZZZZZA3B,4.85,0.113137085,2,ZZZZZA3R,4.98,0.12489996,5,Greenhouse,C3,Leguminosae,NA,NA,Crop,Dryland,Cropland,Leguminosae,Dryland,NA,C3,NA,NA,NA,NA,NA,1
448,ZZZZZA4B,5.17,0.056568542,2,ZZZZZA4R,5.348,0.112116011,5,Greenhouse,C3,Leguminosae,NA,NA,Crop,Dryland,Cropland,Leguminosae,Dryland,NA,C3,NA,NA,NA,NA,NA,1
449,ZZZZZA5B,5.41,0.212132034,2,ZZZZZA5R,5.082,0.212296962,5,Greenhouse,C3,Leguminosae,NA,NA,Crop,Dryland,Cropland,Leguminosae,Dryland,NA,C3,NA,NA,NA,NA,NA,1
450,ZZZZZA6B,5.265,0.120208153,2,ZZZZZA6R,4.9075,0.152616076,4,Greenhouse,C3,Leguminosae,NA,NA,Crop,Dryland,Cropland,Leguminosae,Dryland,NA,C3,NA,NA,NA,NA,NA,1
451,ZZZZZC1B,6.033333333,0.187171935,3,ZZZZZC1R,5.753333333,0.066583281,3,Greenhouse,C3,Gramineae,N,Chemical,Crop,Dryland,Cropland,Gramineae,Dryland,Chemical,C3,NA,NA,NA,NA,NA,1
452,ZZZZZC2B,6.33,0.116045968,4,ZZZZZC2R,6.335,0.066080759,4,Greenhouse,C3,Gramineae,N,Organic,Crop,Dryland,Cropland,Gramineae,Dryland,Organic,C3,NA,NA,NA,NA,NA,1
453,ZZZZZC3B,6.22,0.09539392,3,ZZZZZC3R,6.093333333,0.27319102,3,Greenhouse,C3,Gramineae,NO,NA,Crop,Dryland,Cropland,Gramineae,Dryland,NA,C3,NA,NA,NA,NA,NA,1
454,ZZZZZC4B,5.9125,0.255,4,ZZZZZC4R,5.356666667,0.58380933,3,Greenhouse,C3,Gramineae,N,Chemical,Crop,Dryland,Cropland,Gramineae,Dryland,Chemical,C3,NA,NA,NA,NA,NA,1
455,ZZZZZC5B,6.096666667,0.060277138,3,ZZZZZC5R,5.553333333,0.151437556,3,Greenhouse,C3,Gramineae,N,Chemical,Crop,Dryland,Cropland,Gramineae,Dryland,Chemical,C3,NA,NA,NA,NA,NA,1
456,ZZZZZC6B,6.22,0.09539392,3,ZZZZZC6R,6.25,0.052915026,3,Greenhouse,C3,Gramineae,N,Organic,Crop,Dryland,Cropland,Gramineae,Dryland,Organic,C3,NA,NA,NA,NA,NA,1
457,ZZZZZC7B,5.723333333,0.903567005,3,ZZZZZC7R,6.213333333,0.141891978,3,Greenhouse,C3,Gramineae,NO,NA,Crop,Dryland,Cropland,Gramineae,Dryland,NA,C3,NA,NA,NA,NA,NA,1
458,ZZZZZC8B,5.906666667,0.126622799,3,ZZZZZC8R,5.763333333,0.160104133,3,Greenhouse,C3,Gramineae,N,Chemical,Crop,Dryland,Cropland,Gramineae,Dryland,Chemical,C3,NA,NA,NA,NA,NA,1
459,ZZZZZD1B,6.132,0.15155857,5,ZZZZZD1R,5.918,0.07981228,5,Field,C4,Gramineae,NA,NA,Crop,Dryland,Cropland,Gramineae,Dryland,NA,C4,NA,NA,NA,NA,NA,1
460,ZZZZZE1B,5.5775,0.018929694,4,ZZZZZE1R,5.59,0.131656118,4,Greenhouse,C4,Gramineae,N,Chemical,Crop,Dryland,Cropland,Gramineae,Dryland,Chemical,C4,NA,NA,NA,NA,NA,1
461,ZZZZZE2B,5.335,0.042031734,4,ZZZZZE2R,5.3275,0.174618632,4,Greenhouse,C4,Gramineae,N,Chemical,Crop,Dryland,Cropland,Gramineae,Dryland,Chemical,C4,NA,NA,NA,NA,NA,1
462,ZZZZZF1B,4.066666667,0.457420303,3,ZZZZZF1R,3.99,0.721248917,2,Field,C3,Leguminosae,NA,NA,Crop,Dryland,Cropland,Leguminosae,Dryland,NA,C3,NA,NA,NA,NA,NA,1
463,ZZZZZF2B,4.553333333,0.385529938,3,ZZZZZF2R,3.446666667,1.012982395,3,Field,C3,Leguminosae,NA,Chemical,Crop,Dryland,Cropland,Leguminosae,Dryland,Chemical,C3,NA,NA,NA,NA,NA,1
464,ZZZZZF3B,4.89,0.085440037,3,ZZZZZF3R,4,1.065316854,3,Field,C3,Leguminosae,NA,Organic,Crop,Dryland,Cropland,Leguminosae,Dryland,Organic,C3,NA,NA,NA,NA,NA,1
465,ZZZZZF4B,4.746666667,0.361432336,3,ZZZZZF4R,4.706666667,0.14571662,3,Field,C3,Leguminosae,NA,Organic,Crop,Dryland,Cropland,Leguminosae,Dryland,Organic,C3,NA,NA,NA,NA,NA,1
466,ZZZZZG2B,4.265,0.160519988,4,ZZZZZG2R,3.98,0.236220236,4,Greenhouse,C3,Gramineae,N,Chemical,Crop,Dryland,Cropland,Gramineae,Dryland,Chemical,C3,NA,NA,NA,NA,NA,1
467,ZZZZZG3B,4.4,0.184028983,4,ZZZZZG3R,4.785,0.274529901,4,Greenhouse,C4,Gramineae,N,Chemical,Crop,Dryland,Cropland,Gramineae,Dryland,Chemical,C4,NA,NA,NA,NA,NA,1
468,ZZZZZH1B,6.252,0.162080227,5,ZZZZZH1R,6.272,0.13311649,5,Field,C3,Gramineae,NA,NA,Crop,Dryland,Cropland,Gramineae,Dryland,NA,C3,NA,NA,NA,NA,NA,1
469,ZZZZZH2B,6.532,0.048682646,5,ZZZZZH2R,6.42,0.047958315,5,Field,C3,Gramineae,NA,NA,Crop,Dryland,Cropland,Gramineae,Dryland,NA,C3,NA,NA,NA,NA,NA,1
470,ZZZZZH3B,6.478,0.090111043,5,ZZZZZH3R,6.254,0.065802736,5,Field,C3,Gramineae,NA,NA,Crop,Dryland,Cropland,Gramineae,Dryland,NA,C3,NA,NA,NA,NA,NA,1
471,ZZZZZH4B,6.578,0.040249224,5,ZZZZZH4R,6.382,0.049699095,5,Field,C3,Gramineae,NA,NA,Crop,Dryland,Cropland,Gramineae,Dryland,NA,C3,NA,NA,NA,NA,NA,1
472,ZZZZZH5B,6.586,0.041593269,5,ZZZZZH5R,6.39,0.049497475,5,Field,C3,Gramineae,NA,NA,Crop,Dryland,Cropland,Gramineae,Dryland,NA,C3,NA,NA,NA,NA,NA,1
473,ZZZZZH6B,6.576,0.035777088,5,ZZZZZH6R,6.38,0.062849025,5,Field,C3,Gramineae,NA,NA,Crop,Dryland,Cropland,Gramineae,Dryland,NA,C3,NA,NA,NA,NA,NA,1
474,ZZZZZH7B,6.386,0.085615419,5,ZZZZZH7R,6.006,0.116747591,5,Field,C3,Gramineae,NA,NA,Crop,Dryland,Cropland,Gramineae,Dryland,NA,C3,NA,NA,NA,NA,NA,1
475,ZZZZZH8B,6.56,0.041833001,5,ZZZZZH8R,6.534,0.037815341,5,Field,C3,Gramineae,NA,NA,Crop,Dryland,Cropland,Gramineae,Dryland,NA,C3,NA,NA,NA,NA,NA,1
476,ZZZZZH9B,6.552,0.027748874,5,ZZZZZH9R,6.474,0.065802736,5,Field,C3,Gramineae,NA,NA,Crop,Dryland,Cropland,Gramineae,Dryland,NA,C3,NA,NA,NA,NA,NA,1
477,ZZZZZI1B,3.863333333,0.416693332,3,ZZZZZI1R,4.406,0.741909698,5,Greenhouse,C3,Leguminosae,N,Chemical,Crop,Dryland,Cropland,Leguminosae,Dryland,Chemical,C3,NA,NA,NA,NA,NA,1
478,ZZZZZI2B,4.4525,0.509141434,4,ZZZZZI2R,3.8275,0.6307337,4,Greenhouse,C3,Gramineae,N,Chemical,Crop,Dryland,Cropland,Gramineae,Dryland,Chemical,C3,NA,NA,NA,NA,NA,1
479,ZZZZZJ1B,5.416666667,0.129871732,6,ZZZZZJ1R,5.201666667,0.079854034,6,Field,C4,Gramineae,NA,NA,Crop,Dryland,Cropland,Gramineae,Dryland,NA,C4,NA,NA,NA,NA,NA,1
480,ZZZZZK1B,5.236666667,0.258276338,6,ZZZZZK1R,5.11,0.198494332,6,Greenhouse,C3,Gramineae,NA,NA,Crop,Wetland,Cropland,Gramineae,Wetland,NA,C3,NA,NA,NA,NA,NA,1
481,ZZZZZK2B,3.241666667,0.197930964,6,ZZZZZK2R,4.82,0.241384893,4,Greenhouse,C3,Gramineae,NA,NA,Crop,Wetland,Cropland,Gramineae,Wetland,NA,C3,NA,NA,NA,NA,NA,1
482,ZZZZZK3B,4.096666667,0.424860762,6,ZZZZZK3R,5.0525,0.11206397,4,Greenhouse,C3,Gramineae,NA,NA,Crop,Wetland,Cropland,Gramineae,Wetland,NA,C3,NA,NA,NA,NA,NA,1
483,ZZZZZK4B,5.46,0.316543836,7,ZZZZZK4R,5.253333333,0.251608161,6,Greenhouse,C3,Gramineae,NA,NA,Crop,Wetland,Cropland,Gramineae,Wetland,NA,C3,NA,NA,NA,NA,NA,1
484,ZZZZZL1B,6.160769231,0.791869745,13,ZZZZZL1R,5.3345,0.694523502,20,Field,C4,Gramineae,NA,NA,Crop,Dryland,Cropland,Gramineae,Dryland,NA,C4,NA,NA,NA,NA,NA,1
485,ZZZZZL2B,6.345384615,0.382287313,13,ZZZZZL2R,4.826296296,0.793474095,27,Field,C4,Gramineae,NA,NA,Crop,Dryland,Cropland,Gramineae,Dryland,NA,C4,NA,NA,NA,NA,NA,1
486,ZZZZZM1B,5.4,0.358050276,7,ZZZZZM1R,5.378636364,0.336795762,22,Field,C4,Gramineae,NA,NA,Crop,Dryland,Cropland,Gramineae,Dryland,NA,C4,NA,NA,NA,NA,NA,1
487,ZZZZZM2B,5.865,0.126378117,8,ZZZZZM2R,5.450909091,0.47145423,11,Field,C4,Gramineae,NA,NA,Crop,Dryland,Cropland,Gramineae,Dryland,NA,C4,NA,NA,NA,NA,NA,1
488,ZZZZZO1B,5.044,0.299883311,5,ZZZZZO1R,4.95,0.266683333,6,Field,NA,Liliaceae,N,Chemical,Crop,Dryland,Cropland,NA,Dryland,Chemical,NA,NA,NA,NA,NA,NA,1
489,ZZZZZO2B,5.418333333,0.171978681,6,ZZZZZO2R,5.178333333,0.384417308,6,Field,NA,Liliaceae,N,Chemical,Crop,Dryland,Cropland,NA,Dryland,Chemical,NA,NA,NA,NA,NA,NA,1
490,ZZZZZP1B,4.27,0.406693988,4,ZZZZZP1R,2.3888,2.075788332,5,Field,NA,Cruciferae,N,Organic,Crop,Dryland,Cropland,NA,Dryland,Organic,NA,NA,NA,NA,NA,NA,1
491,ZZZZZP2B,3.535,1.244574894,4,ZZZZZP2R,4.396,0.567917247,5,Field,NA,Cruciferae,N,Organic,Crop,Dryland,Cropland,NA,Dryland,Organic,NA,NA,NA,NA,NA,NA,1
492,ZZZZZP3B,4.442,0.35758915,5,ZZZZZP3R,4.232,0.548561756,5,Field,NA,Compositae,N,Organic,Crop,Dryland,Cropland,NA,Dryland,Organic,NA,NA,NA,NA,NA,NA,1
493,ZZZZZP4B,4.562,0.199173291,5,ZZZZZP4R,3.8592,2.043549168,5,Field,NA,Compositae,N,Organic,Crop,Dryland,Cropland,NA,Dryland,Organic,NA,NA,NA,NA,NA,NA,1
494,ZZZZZQ1B,6.031666667,0.095585912,6,ZZZZZQ1R,5.786,0.37473991,5,Field,NA,Solanaceae,N,Chemical,NA,Dryland,Cropland,Solanaceae,Dryland,Chemical,NA,NA,NA,NA,NA,NA,1
495,ZZZZZQ1B,6.031666667,0.095585912,6,ZZZZZQ2R,5.991666667,0.117714344,6,Field,NA,Solanaceae,N,Chemical,NA,Dryland,Cropland,Solanaceae,Dryland,Chemical,NA,NA,NA,NA,NA,NA,1
496,ZZZZZQ1B,6.031666667,0.095585912,6,ZZZZZQ3R,5.898333333,0.227808399,6,Field,NA,Solanaceae,N,Chemical,NA,Dryland,Cropland,Solanaceae,Dryland,Chemical,NA,NA,NA,NA,NA,NA,1
497,ZZZZZQ1B,6.031666667,0.095585912,6,ZZZZZQ4R,5.288,0.158335088,5,Field,NA,Solanaceae,N,Chemical,NA,Dryland,Cropland,Solanaceae,Dryland,Chemical,NA,NA,NA,NA,NA,NA,1
498,ZZZZZQ1B,6.031666667,0.095585912,6,ZZZZZQ5R,5.4025,0.165201897,4,Field,NA,Solanaceae,N,Chemical,NA,Dryland,Cropland,Solanaceae,Dryland,Chemical,NA,NA,NA,NA,NA,NA,1
499,ZZZZZQ1B,6.031666667,0.095585912,6,ZZZZZQ6R,5.943333333,0.140380435,6,Field,NA,Solanaceae,N,Chemical,NA,Dryland,Cropland,Solanaceae,Dryland,Chemical,NA,NA,NA,NA,NA,NA,1
500,ZZZZZQ1B,6.031666667,0.095585912,6,ZZZZZQ7R,5.202,0.061806149,5,Field,NA,Solanaceae,N,Chemical,NA,Dryland,Cropland,Solanaceae,Dryland,Chemical,NA,NA,NA,NA,NA,NA,1
501,ZZZZZQ1B,6.031666667,0.095585912,6,ZZZZZQ8R,6.006666667,0.072295689,6,Field,NA,Solanaceae,N,Chemical,NA,Dryland,Cropland,Solanaceae,Dryland,Chemical,NA,NA,NA,NA,NA,NA,1
502,ZZZZZS1B,4.64,0.129871732,4,ZZZZZS1R,4.925,0.058022984,4,Greenhouse,C4,Gramineae,NA,NA,Crop,Dryland,Cropland,Gramineae,Dryland,NA,C4,NA,NA,NA,NA,NA,1
503,ZZZZZS1B,4.64,0.129871732,4,ZZZZZS3R,4.7225,0.241712639,4,Greenhouse,C4,Gramineae,NA,NA,Crop,Dryland,Cropland,Gramineae,Dryland,NA,C4,NA,NA,NA,NA,NA,1
504,ZZZZZT1B,4.932,0.167690191,5,ZZZZZT1R,5.166,0.154369686,5,Field,NA,NA,NO,NA,Shrubs,Grassland,Grassland,NA,NA,NA,NA,Natural,Shrubs,NA,NA,NA,1
505,ZZZZZT2B,4.746,0.275916654,5,ZZZZZT2R,4.882,0.228626333,5,Field,NA,NA,NO,NA,Grasses,Grassland,Grassland,NA,NA,NA,NA,Natural,Grasses,NA,NA,NA,1
506,ZZZZZT3B,4.668,0.206446119,5,ZZZZZT3R,4.842,0.181851588,5,Field,NA,NA,NO,NA,Shrubs,Grassland,Grassland,NA,NA,NA,NA,Natural,Shrubs,NA,NA,NA,1
507,ZZZZZT4B,4.69,0.393636889,5,ZZZZZT4R,4.676,0.247446964,5,Field,NA,NA,NO,NA,Grasses,Grassland,Grassland,NA,NA,NA,NA,Natural,Grasses,NA,NA,NA,1
508,Z15LB,4.09,0.616522506,3,Z15LR,3.47,0.14,3,Field,NA,Fabaceae,NA,NA,NA,Forest,Forest,NA,NA,NA,NA,NA,NA,NA,Hardwood,Shrub,1
509,Z15MB,3.81,0.685492524,3,Z15MR,3.37,0.370405184,3,Field,NA,Fabaceae,NA,NA,NA,Forest,Forest,NA,NA,NA,NA,NA,NA,NA,Hardwood,Shrub,1
510,Z15HB,3.53,1.133181362,3,Z15HR,3.403333333,0.816476168,3,Field,NA,Fabaceae,NA,NA,NA,Forest,Forest,NA,NA,NA,NA,NA,NA,NA,Hardwood,Shrub,1
511,Z16AB,4.86,0.45254834,2,Z16AHR,4.95,0.147309199,3,Field,NA,NA,NA,NA,NA,Forest,Forest,NA,NA,NA,NA,NA,NA,NA,Needle,Tree,1
512,Z16AB,4.86,0.45254834,2,Z16AMR,5.186666667,0.170098011,3,Field,NA,NA,NA,NA,NA,Forest,Forest,NA,NA,NA,NA,NA,NA,NA,Needle,Tree,1
513,Z16AB,4.86,0.45254834,2,Z16ANR,4.743333333,0.353600528,3,Field,NA,NA,NA,NA,NA,Forest,Forest,NA,NA,NA,NA,NA,NA,NA,Needle,Tree,1
514,Z19FB,6.54,0.122882057,3,Z19FCR,5.92,0.06244998,3,Greenhouse,C3,Apiaceae,NA,NA,Crop,Dryland,Cropland,NA,Dryland,NA,C3,NA,NA,NA,NA,NA,1
515,Z19FB,6.54,0.122882057,3,Z19FCUR,6.195,0.096072889,6,Greenhouse,C6,Cucurbitaceae,NA,NA,Crop,Dryland,Cropland,Cucurbitaceae,Dryland,NA,C3,NA,NA,NA,NA,NA,1
516,Z19FB,6.54,0.122882057,3,Z19FWR,6.196666667,0.041311822,6,Greenhouse,C12,Cucurbitaceae,NA,NA,Crop,Dryland,Cropland,Cucurbitaceae,Dryland,NA,C3,NA,NA,NA,NA,NA,1
517,Z19SB,5.886666667,0.037859389,3,Z19SCR,5.916666667,0.10214369,3,Greenhouse,C18,Apiaceae,NA,NA,Crop,Dryland,Cropland,NA,Dryland,NA,C3,NA,NA,NA,NA,NA,1
518,Z19SB,5.886666667,0.037859389,3,Z19SCUR,5.688333333,0.105340717,6,Greenhouse,C21,Cucurbitaceae,NA,NA,Crop,Dryland,Cropland,Cucurbitaceae,Dryland,NA,C3,NA,NA,NA,NA,NA,1
519,Z19SB,5.886666667,0.037859389,3,Z19SWR,5.618333333,0.095376447,6,Greenhouse,C27,Cucurbitaceae,NA,NA,Crop,Dryland,Cropland,Cucurbitaceae,Dryland,NA,C3,NA,NA,NA,NA,NA,1
520,Z20CKB,5.135,0.985714631,4,Z20OFR,3.1675,0.318158765,4,Greenhouse,C3,Curcurbitaceae,N,Organic,Crop,Dryland,Cropland,Cucurbitaceae,Dryland,Organic,C3,NA,NA,NA,NA,NA,1
521,Z20CKB,5.135,0.985714631,4,Z20MR,5.7075,0.107199192,4,Greenhouse,C3,Curcurbitaceae,N,Organic,Crop,Dryland,Cropland,Cucurbitaceae,Dryland,Organic,C3,NA,NA,NA,NA,NA,1
522,Z21PB,4.664,0.083845095,5,Z21PR,4.608,0.209451665,5,Field,NA,NA,NO,Chemical,Tree,Forest,Forest,NA,NA,NA,NA,NA,NA,NA,Hardwood,Shrub,1
523,Z21NPB,4.296,0.234264807,5,Z21NPR,4.266,0.345224565,5,Field,NA,NA,N,Chemical,Tree,Forest,Forest,NA,NA,NA,NA,NA,NA,NA,Hardwood,Shrub,1
524,Z21NB,4.61,0.427726548,5,Z21NR,4.8375,0.148408221,4,Field,NA,NA,N,Chemical,Tree,Forest,Forest,NA,NA,NA,NA,NA,NA,NA,Hardwood,Shrub,1
525,Z21CKB,4.57,0.172481883,5,Z21CKR,4.222,0.17796067,5,Field,NA,NA,NO,Chemical,Tree,Forest,Forest,NA,NA,NA,NA,NA,NA,NA,Hardwood,Shrub,1
526,Z22S15B,4.275,0.190918831,2,Z22S15R,4.165,0.091923882,2,Field,C3,Gramineae,NA,NA,Crop,Wetland,Cropland,Gramineae,Wetland,NA,C3,NA,NA,NA,NA,NA,1
527,Z22S14B,4.195,0.077781746,2,Z22S14R,4.64,0.141421356,2,Field,C3,Gramineae,NA,NA,Crop,Wetland,Cropland,Gramineae,Wetland,NA,C3,NA,NA,NA,NA,NA,1
528,Z22S13B,4.625,0.134350288,2,Z22S13R,4.61,0.014142136,2,Field,C3,Gramineae,NA,NA,Crop,Wetland,Cropland,Gramineae,Wetland,NA,C3,NA,NA,NA,NA,NA,1
529,Z22S12B,4.525,0.431335137,2,Z22S12R,4.105,0.106066017,2,Field,C3,Gramineae,NA,NA,Crop,Wetland,Cropland,Gramineae,Wetland,NA,C3,NA,NA,NA,NA,NA,1
530,Z22S11B,3.77,0.028284271,2,Z22S11R,3.975,0.077781746,2,Field,C3,Gramineae,NA,NA,Crop,Wetland,Cropland,Gramineae,Wetland,NA,C3,NA,NA,NA,NA,NA,1
531,Z22S10B,4.475,0.205060967,2,Z22S10R,4.53,0.056568542,2,Field,C3,Gramineae,NA,NA,Crop,Wetland,Cropland,Gramineae,Wetland,NA,C3,NA,NA,NA,NA,NA,1
532,Z22S9B,4.34,0.169705627,2,Z22S9R,4.635,0.06363961,2,Field,C3,Gramineae,NA,NA,Crop,Wetland,Cropland,Gramineae,Wetland,NA,C3,NA,NA,NA,NA,NA,1
533,Z22S8B,4.165,0.021213203,2,Z22S8R,3.775,0.176776695,2,Field,C3,Gramineae,NA,NA,Crop,Wetland,Cropland,Gramineae,Wetland,NA,C3,NA,NA,NA,NA,NA,1
534,Z22S7B,3.975,0.077781746,2,Z22S7R,4.01,0.155563492,2,Field,C3,Gramineae,NA,NA,Crop,Wetland,Cropland,Gramineae,Wetland,NA,C3,NA,NA,NA,NA,NA,1
535,Z22S6B,4.325,0.205060967,2,Z22S6R,4.46,0.056568542,2,Field,C3,Gramineae,NA,NA,Crop,Wetland,Cropland,Gramineae,Wetland,NA,C3,NA,NA,NA,NA,NA,1
536,Z22S5B,4.47,0.141421356,2,Z22S5R,4.5,0.113137085,2,Field,C3,Gramineae,NA,NA,Crop,Wetland,Cropland,Gramineae,Wetland,NA,C3,NA,NA,NA,NA,NA,1
537,Z22S4B,4.695,0.16263456,2,Z22S4R,4.835,0.16263456,2,Field,C3,Gramineae,NA,NA,Crop,Wetland,Cropland,Gramineae,Wetland,NA,C3,NA,NA,NA,NA,NA,1
538,Z22S3B,4.535,0.021213203,2,Z22S3R,4.61,0.141421356,2,Field,C3,Gramineae,NA,NA,Crop,Wetland,Cropland,Gramineae,Wetland,NA,C3,NA,NA,NA,NA,NA,1
539,Z22S2B,4.92,0.084852814,2,Z22S2R,4.355,0.049497475,2,Field,C3,Gramineae,NA,NA,Crop,Wetland,Cropland,Gramineae,Wetland,NA,C3,NA,NA,NA,NA,NA,1
540,Z22S1B,4.2,0.042426407,2,Z22S1R,4.245,0.106066017,2,Field,C3,Gramineae,NA,NA,Crop,Wetland,Cropland,Gramineae,Wetland,NA,C3,NA,NA,NA,NA,NA,1
541,Z24L2B,5.31,0.045825757,3,Z24L2R,5.58,0.028284271,2,Greenhouse,C3,Leguminosae,NA,NA,Crop,Dryland,Cropland,Leguminosae,Dryland,NA,C3,NA,NA,NA,NA,NA,1
542,Z24L3B,5.29,0.056568542,2,Z24L3R,5.44,0.056568542,2,Greenhouse,C3,Leguminosae,NA,NA,Crop,Dryland,Cropland,Leguminosae,Dryland,NA,C6,NA,NA,NA,NA,NA,1
543,Z24L4B,5.416666667,0.193476958,3,Z24L4R,5.57,0.238956063,3,Greenhouse,C3,Leguminosae,NA,NA,Crop,Dryland,Cropland,Leguminosae,Dryland,NA,C8,NA,NA,NA,NA,NA,1
544,Z24L5B,5.55,0.121655251,3,Z24L5R,5.493333333,0.193476958,3,Greenhouse,C3,Leguminosae,NA,NA,Crop,Dryland,Cropland,Leguminosae,Dryland,NA,C11,NA,NA,NA,NA,NA,1
545,Z24L6B,5.76,0.070710678,2,Z24L6R,5.16,0.070710678,2,Greenhouse,C3,Leguminosae,NA,NA,Crop,Dryland,Cropland,Leguminosae,Dryland,NA,C14,NA,NA,NA,NA,NA,1
546,Z26MSB,5.853333333,0.114134424,6,Z26MSR,5.96,0.164012195,5,Field,C3,Poaceae,NO,NA,Grasses,Grassland,Grassland,NA,NA,NA,NA,Artifical,Grasses,C3,NA,NA,1
547,Z26MHSB,5.94875,0.251420962,8,Z26HSR,6.2,0.238694365,9,Field,C3,Poaceae,NO,NA,Grasses,Grassland,Grassland,NA,NA,NA,NA,Artifical,Grasses,C3,NA,NA,1
548,Z27LLB,4.693333333,0.030550505,3,Z27LLR,4.765,0.095026312,6,Field,NA,NA,NA,NA,Tree,Forest,Forest,NA,NA,NA,NA,NA,NA,NA,Hardwood,Tree,1
549,Z27GLB,4.656666667,0.21007935,3,Z27GLR,4.845,0.147343137,6,Field,NA,NA,NA,NA,Tree,Forest,Forest,NA,NA,NA,NA,NA,NA,NA,Hardwood,Tree,1
550,Z27HAB,4.55,0.236220236,4,Z27HAR,4.755,0.156556699,6,Field,NA,NA,NA,NA,Tree,Forest,Forest,NA,NA,NA,NA,NA,NA,NA,Hardwood,Tree,1
551,Z27PFLB,4.705,0.100166528,4,Z27PFR,4.708333333,0.103424691,6,Field,NA,NA,NA,NA,Tree,Forest,Forest,NA,NA,NA,NA,NA,NA,NA,Hardwood,Tree,1
552,Z32FQSCK,5.206666667,0.266333125,3,Z32FQ1CSR,3.86,0.615060973,3,Field,C3,Gramineae,NA,NA,Crop,Wetland,Cropland,Gramineae,Wetland,NA,C3,NA,NA,NA,NA,NA,1
553,Z32FQSCK,5.206666667,0.266333125,3,Z32FQ2ASR,4.303333333,0.637050495,3,Field,C3,Gramineae,NA,NA,Crop,Wetland,Cropland,Gramineae,Wetland,NA,C3,NA,NA,NA,NA,NA,1
554,Z32FQSCK,5.206666667,0.266333125,3,Z32FQCASR,4.143333333,0.431315816,3,Field,C3,Gramineae,NA,NA,Crop,Wetland,Cropland,Gramineae,Wetland,NA,C3,NA,NA,NA,NA,NA,1
555,Z32FQSCK,5.206666667,0.266333125,3,Z32FQMHSR,4.053333333,0.38370996,3,Field,C3,Gramineae,NA,NA,Crop,Wetland,Cropland,Gramineae,Wetland,NA,C3,NA,NA,NA,NA,NA,1
556,Z33MPB,5.253333333,0.10764138,6,Z33MPR,5.25,0.189208879,4,Field,C3,Leguminosae,NA,NA,Crop,Dryland,Cropland,Leguminosae,Dryland,NA,C3,NA,NA,NA,NA,NA,1
557,Z33NTB,5.29,0.079582243,7,Z33NTR,5.133333333,0.187705443,3,Field,C3,Leguminosae,NA,NA,Crop,Dryland,Cropland,Leguminosae,Dryland,NA,C3,NA,NA,NA,NA,NA,1
558,Z33TTB,5.206666667,0.147603071,6,Z33RTR,5.13,0.134660066,4,Field,C3,Leguminosae,NA,NA,Crop,Dryland,Cropland,Leguminosae,Dryland,NA,C3,NA,NA,NA,NA,NA,1
